seed,epoch,train_loss,val_ndcg@5,val_ndcg@10,val_ndcg@20,val_ndcg@50,val_recall@5,val_recall@10,val_recall@20,val_recall@50,val_err@5,val_err@10,val_err@20,val_err@50
2024,1,7.8587135560760295,0.0022929355036467314,0.0025711767375469208,0.0029127527959644794,0.0029127527959644794,0.003960896749049425,0.004831732250750065,0.0061239395290613174,0.0061239395290613174,0.0,0.0,0.3170613646507263,0.7268245816230774
2024,2,6.591318022384335,0.00416718190535903,0.005638662725687027,0.006869584787636995,0.006869584787636995,0.005983482114970684,0.010393842123448849,0.015141299925744534,0.015141299925744534,0.0,0.0,0.24902941286563873,0.6996116638183594
2024,3,5.857321134302136,0.002672890666872263,0.003996679559350014,0.005960952956229448,0.006998303346335888,0.005814933218061924,0.009888196364045143,0.017866171896457672,0.022613629698753357,0.0,0.0,0.0,0.4838704466819763
2024,4,5.362931895674321,0.004945381544530392,0.006082877516746521,0.008031425066292286,0.009029273875057697,0.00758469570428133,0.011124220676720142,0.018877465277910233,0.02348446473479271,0.0,0.0,0.0,0.47999995946884155
2024,5,4.861267165777333,0.0056039681658148766,0.006936456076800823,0.009803073480725288,0.013348049484193325,0.008792628534138203,0.012978257611393929,0.024439575150609016,0.04230574890971184,0.0,0.0,0.0,0.0
2024,6,4.398833309590575,0.005407943390309811,0.006911996752023697,0.009038613177835941,0.012957756407558918,0.008315074257552624,0.01309062261134386,0.02148997224867344,0.04137872904539108,0.0,0.0,0.0,0.0
2024,7,4.0602000422484155,0.005412967875599861,0.007034411653876305,0.00914442352950573,0.013041816651821136,0.00834316574037075,0.013483903370797634,0.022051800042390823,0.041743919253349304,0.0,0.0,0.0,0.0
2024,8,3.8107374608918883,0.005496879108250141,0.007062871474772692,0.009712591767311096,0.01290112268179655,0.00865217112004757,0.013624360784888268,0.024271026253700256,0.040395528078079224,0.0,0.0,0.0,0.0
2024,9,3.6286884222918676,0.005285515915602446,0.006772249937057495,0.00879417173564434,0.012882867828011513,0.008062250912189484,0.012697342783212662,0.02067531831562519,0.041547276079654694,0.0,0.0,0.0,0.0
2024,10,3.5088690537029272,0.0050837076269090176,0.007222332991659641,0.00940636731684208,0.012877380475401878,0.007781336084008217,0.014495196752250195,0.023259732872247696,0.04078880697488785,0.0,0.0,0.0,0.0
2024,11,3.4411794656684043,0.004916793201118708,0.00641645910218358,0.008686812594532967,0.012640412896871567,0.007388055324554443,0.012107421644032001,0.02118096500635147,0.04112590476870537,0.0,0.0,0.0,0.0
2024,12,3.4045889084799246,0.005104465875774622,0.0067779566161334515,0.009350353851914406,0.012846488505601883,0.00758469570428133,0.012781617231667042,0.022894544526934624,0.040592167526483536,0.0,0.0,0.0,0.0
2024,13,3.3897921334394074,0.005418810062110424,0.006896330509334803,0.009002642706036568,0.01222275011241436,0.00834316574037075,0.012978257611393929,0.02148997224867344,0.037923477590084076,0.0,0.0,0.0,0.0
2024,14,3.3814703507622887,0.005310137290507555,0.006644900888204575,0.008491081185638905,0.012149875983595848,0.008062250912189484,0.012247879058122635,0.019635934382677078,0.03823248669505119,0.0,0.0,0.0,0.0
2024,15,3.3720593748465886,0.005489701870828867,0.006771060172468424,0.008964496664702892,0.012251529842615128,0.008792628534138203,0.012781617231667042,0.02151806280016899,0.037923477590084076,0.0,0.0,0.0,0.0
2024,16,3.3573680448467753,0.005086169578135014,0.006708682049065828,0.009183128364384174,0.01283983513712883,0.007781336084008217,0.012809708714485168,0.022613629698753357,0.04084499180316925,0.0,0.0,0.0,0.0
2024,17,3.3516724186870253,0.005283224396407604,0.006821314804255962,0.008600978180766106,0.012797470204532146,0.00825889129191637,0.01317489705979824,0.02031012997031212,0.041603460907936096,0.0,0.0,0.0,0.0
2024,18,3.3427687051646946,0.004943452309817076,0.006439374294131994,0.008916918188333511,0.012221165001392365,0.007444238290190697,0.012107421644032001,0.02199561707675457,0.03848530724644661,0.0,0.0,0.0,0.0
2024,19,3.3363589365311803,0.0048749614506959915,0.006433033384382725,0.008360400795936584,0.012702574022114277,0.008118433877825737,0.01309062261134386,0.020871959626674652,0.04295185208320618,0.0,0.0,0.0,0.0
2024,20,3.3294287918389407,0.005418810062110424,0.00664306478574872,0.008920068852603436,0.01276070810854435,0.00834316574037075,0.012191696092486382,0.021209057420492172,0.04050789400935173,0.0,0.0,0.0,0.0
2024,21,3.3271529018154995,0.00526072271168232,0.0065595777705311775,0.008741900324821472,0.01288396306335926,0.00825889129191637,0.012332153506577015,0.02115287445485592,0.042081017047166824,0.0,0.0,0.0,0.0
2024,22,3.324340239871047,0.005237122531980276,0.0069763874635100365,0.00930456630885601,0.012875611893832684,0.007949884980916977,0.013483903370797634,0.022725995630025864,0.04050789400935173,0.0,0.0,0.0,0.0
2024,23,3.321756387046474,0.005207153502851725,0.0068254307843744755,0.008748995140194893,0.012064410373568535,0.008062250912189484,0.013202988542616367,0.021068599075078964,0.03769874572753906,0.0,0.0,0.0,0.0
2024,24,3.315714393389209,0.00539440056309104,0.007190250325948,0.009214844554662704,0.013163922354578972,0.008315074257552624,0.013849092647433281,0.02185516059398651,0.0416315533220768,0.0,0.0,0.0,0.0
2024,25,3.3108671963134437,0.005101367365568876,0.006714997813105583,0.009122551418840885,0.012904537841677666,0.007949884980916977,0.013062532059848309,0.02266981266438961,0.04180010035634041,0.0,0.0,0.0,0.0
2024,26,3.3133056015781706,0.005185418762266636,0.006628523580729961,0.008547794073820114,0.012315100990235806,0.00800606794655323,0.012528793886303902,0.020225854590535164,0.03921568766236305,0.0,0.0,0.0,0.0
2024,27,3.3077914090613443,0.005104465875774622,0.006411584094166756,0.008375209756195545,0.012354209087789059,0.00758469570428133,0.011686049401760101,0.019551660865545273,0.03988988324999809,0.0,0.0,0.0,0.0
2024,28,3.302724979184417,0.0053651905618608,0.006971748545765877,0.008887773379683495,0.012804527767002583,0.008315074257552624,0.013399628922343254,0.021068599075078964,0.04062025994062424,0.0,0.0,0.0,0.0
2024,29,3.2989823847164508,0.005397075321525335,0.00702890008687973,0.00932247843593359,0.012843078933656216,0.008286982774734497,0.01325917150825262,0.022388897836208344,0.04019888862967491,0.0,0.0,0.0,0.0
2024,30,3.3013809161630236,0.005331872031092644,0.00650791684165597,0.008687895722687244,0.012442531064152718,0.008118433877825737,0.011826506815850735,0.020562952384352684,0.039412327110767365,0.0,0.0,0.0,0.0
2024,31,3.296124532316056,0.005207153502851725,0.00691195297986269,0.009142926894128323,0.012726817280054092,0.008062250912189484,0.013483903370797634,0.022473173215985298,0.04045170918107033,0.0,0.0,0.0,0.0
2024,32,3.2973262494713995,0.005237122531980276,0.006439422257244587,0.008853650651872158,0.01216094195842743,0.007949884980916977,0.011686049401760101,0.021293330937623978,0.03800775483250618,0.0,0.0,0.0,0.0
2024,33,3.294806087547951,0.005239794030785561,0.006929569412022829,0.008832773193717003,0.01259941142052412,0.00825889129191637,0.013540086336433887,0.021124782040715218,0.0400022454559803,0.0,0.0,0.0,0.0
2024,34,3.295209205102341,0.005290401168167591,0.006647327449172735,0.008963051252067089,0.012656301259994507,0.008118433877825737,0.012388336472213268,0.021742794662714005,0.040395528078079224,0.0,0.0,0.0,0.0
2024,35,3.2929956127918363,0.00473122438415885,0.005972335580736399,0.008355988189578056,0.011877515353262424,0.00775324460119009,0.011545591987669468,0.02101241610944271,0.038738131523132324,0.0,0.0,0.0,0.0
2024,36,3.2885538592190557,0.004956248216331005,0.00623531686142087,0.008260935544967651,0.012257593683898449,0.007612787187099457,0.011601774953305721,0.01966402679681778,0.040086522698402405,0.0,0.0,0.0,0.0
2024,37,3.286735872829813,0.005310137290507555,0.006991443689912558,0.00925697572529316,0.012296183034777641,0.008062250912189484,0.01325917150825262,0.022276531904935837,0.03755829110741615,0.0,0.0,0.0,0.0
2024,38,3.2829220874106837,0.005285516381263733,0.006782806944102049,0.008893069811165333,0.013113385066390038,0.008062250912189484,0.012809708714485168,0.02118096500635147,0.042418114840984344,0.0,0.0,0.0,0.0
2024,39,3.282321766159634,0.005268666427582502,0.006544079631567001,0.009104490280151367,0.012233186513185501,0.008062250912189484,0.012051238678395748,0.02236080728471279,0.03797966241836548,0.0,0.0,0.0,0.0
2024,40,3.28559271687599,0.005378418602049351,0.006740324664860964,0.00883948989212513,0.012274537235498428,0.00825889129191637,0.012556885369122028,0.02098432555794716,0.03851339966058731,0.0,0.0,0.0,0.0
2024,41,3.2810909049874537,0.0054044597782194614,0.006770194973796606,0.00858197920024395,0.012412973679602146,0.008624079637229443,0.012893983162939548,0.020085398107767105,0.03935614228248596,0.0,0.0,0.0,0.005627281963825226
2024,42,3.276360763068463,0.0053023481741547585,0.007147013209760189,0.009261627681553364,0.012987146154046059,0.008062250912189484,0.013933367095887661,0.022445080801844597,0.04118208959698677,0.0,0.0,0.0,0.0
2024,43,3.275602861937241,0.005025465972721577,0.006288881413638592,0.008317425847053528,0.012484335340559483,0.00766897015273571,0.011573683470487595,0.01969211734831333,0.04053598642349243,0.0,0.0,0.0,0.0
2024,44,3.272529040592724,0.005137579049915075,0.006606758572161198,0.008682560175657272,0.013094278052449226,0.008062250912189484,0.012641159817576408,0.020900050178170204,0.043232765048742294,0.0,0.0,0.0,0.0
2024,45,3.2694537343605647,0.005155108869075775,0.006668937858194113,0.009408857673406601,0.012954088859260082,0.0077251531183719635,0.012416427955031395,0.023259732872247696,0.04121018201112747,0.0,0.0,0.0,0.0
2024,46,3.2647206615983393,0.004720357246696949,0.006369044538587332,0.008947547525167465,0.012159863486886024,0.0077251531183719635,0.012809708714485168,0.02300691045820713,0.039075229316949844,0.0,0.0,0.0,0.0
2024,47,3.2645173993027,0.005386208649724722,0.0071006231009960175,0.009189299307763577,0.013028962537646294,0.00825889129191637,0.013736726716160774,0.022051800042390823,0.04151918739080429,0.0,0.0,0.0,0.0
2024,48,3.2688446032051774,0.005174672231078148,0.006460730917751789,0.00837969221174717,0.01249761413782835,0.007949884980916977,0.011995055712759495,0.019635934382677078,0.040395528078079224,0.0,0.0,0.0,0.0035704250913113356
2024,49,3.259334825471989,0.00523856608197093,0.007231466006487608,0.009407068602740765,0.01317573431879282,0.00792179349809885,0.014045733027160168,0.02283836156129837,0.04196865111589432,0.0,0.0,0.0,2.4720489818719216e-05
2024,50,3.2612754854596098,0.005049875006079674,0.006746144965291023,0.008754651062190533,0.012646250426769257,0.007697061635553837,0.012950166128575802,0.02101241610944271,0.04064835235476494,0.0,0.0,0.0,0.0
2024,51,3.2583129222576437,0.005106460768729448,0.00667195487767458,0.009319594129920006,0.012832575477659702,0.007865610532462597,0.012809708714485168,0.023400191217660904,0.04129445552825928,0.0,0.0,0.0,0.0
2024,52,3.25495821197345,0.0051442417316138744,0.006590879987925291,0.009229651652276516,0.012876255437731743,0.007697061635553837,0.012219787575304508,0.02281027100980282,0.04132254794239998,0.0,0.0,0.0,0.0
2024,53,3.25230883779796,0.005397075321525335,0.007051148451864719,0.009144802577793598,0.012385966256260872,0.008286982774734497,0.013455811887979507,0.021770885214209557,0.03817630186676979,0.0,0.0,0.0,0.0
2024,54,3.2495959072138776,0.005171667318791151,0.006787413731217384,0.00906570628285408,0.012648047879338264,0.007977976463735104,0.013034440577030182,0.022051800042390823,0.04017079621553421,0.0,0.0,0.0,0.0
2024,55,3.248966346385508,0.005126951262354851,0.007154094520956278,0.009141087532043457,0.013122227042913437,0.00758469570428133,0.013792909681797028,0.021742794662714005,0.04199673980474472,0.0,0.0,0.0,0.0
2024,56,3.2484924632367176,0.004805045668035746,0.006203962489962578,0.008497375063598156,0.01251621637493372,0.00792179349809885,0.012332153506577015,0.021461879834532738,0.041912466287612915,0.0,0.0,0.0,0.0
2024,57,3.242809001894293,0.005207153502851725,0.006676899269223213,0.008754167705774307,0.012604281306266785,0.008062250912189484,0.012669251300394535,0.021040508523583412,0.04031125456094742,0.0,0.0,0.0,0.0
2024,58,3.240102977405193,0.005346220452338457,0.006586210802197456,0.00909088458865881,0.012800178490579128,0.008286982774734497,0.012191696092486382,0.022276531904935837,0.04087308421730995,0.0,0.0,0.0,0.0
2024,59,3.236521851839485,0.0053892857395112514,0.007070452906191349,0.00957215204834938,0.013147104531526566,0.008286982774734497,0.013540086336433887,0.02351255714893341,0.041547276079654694,0.0,0.0,0.0,2.8091465082979994e-06
2024,60,3.239233167226176,0.005000764969736338,0.006253739353269339,0.007685750722885132,0.011177620850503445,0.007977976463735104,0.011882689781486988,0.01764144003391266,0.0349457822740078,0.0,0.0,0.0,0.1601444035768509
2024,61,3.230608313028951,0.005310137290507555,0.006738149095326662,0.008971180766820908,0.013165389187633991,0.008062250912189484,0.012528793886303902,0.021461879834532738,0.04272712022066116,0.0,0.0,0.0,0.0
2024,62,3.233320635500868,0.005397075321525335,0.006564509589225054,0.00879494659602642,0.01282427180558443,0.008286982774734497,0.011938872747123241,0.020787684246897697,0.041238270699977875,0.0,0.0,0.0,3.370975719008129e-06
2024,63,3.2279324550860324,0.004874916281551123,0.006238674744963646,0.008467087522149086,0.012389488518238068,0.007949884980916977,0.012219787575304508,0.021209057420492172,0.04112590476870537,0.0,0.0,0.0,0.0
2024,64,3.228822343584336,0.0053702048026025295,0.006726181134581566,0.008826003409922123,0.0124441459774971,0.00825889129191637,0.012500702403485775,0.02098432555794716,0.039412327110767365,0.0,0.0,0.0,0.0
2024,65,3.226394062261028,0.005254155956208706,0.006701325997710228,0.009008288383483887,0.012537662871181965,0.008062250912189484,0.012613068334758282,0.021742794662714005,0.03955278545618057,0.0,0.0,0.0,0.0163436122238636
2024,66,3.224270064499375,0.005271078087389469,0.006994253024458885,0.008362139575183392,0.011654897592961788,0.00800606794655323,0.013315354473888874,0.018793189898133278,0.035254791378974915,0.0,0.0,0.0,0.18824878334999084
2024,67,3.223226752519286,0.0052921464666724205,0.006917576305568218,0.009251806885004044,0.013055927120149136,0.007949884980916977,0.012950166128575802,0.022276531904935837,0.041434913873672485,0.0,0.0,0.0,0.0023838419001549482
2024,68,3.22089662693451,0.004879651591181755,0.006154009606689215,0.008380087092518806,0.011661360040307045,0.007612787187099457,0.011573683470487595,0.020450586453080177,0.03733355924487114,0.0,0.0,0.0,0.06646553426980972
2024,69,3.216933536786943,0.0031091661658138037,0.004427158739417791,0.006748318672180176,0.008119158446788788,0.005646384786814451,0.00983201339840889,0.018961738795042038,0.02547895908355713,0.0,0.0,0.0,0.350673109292984
2024,70,3.2145638021862943,0.00524692889302969,0.006765361409634352,0.009179803542792797,0.012903193943202496,0.00817461684346199,0.012950166128575802,0.022473173215985298,0.041238270699977875,0.0,0.0,0.0,0.0
2024,71,3.2023432711679765,0.005999935325235128,0.007842722348868847,0.010970533825457096,0.016147427260875702,0.009270183742046356,0.01508511696010828,0.027445362880825996,0.05371088162064552,0.0,0.0,0.0,0.009540986269712448
2024,72,3.156772919511988,0.007876580581068993,0.010548444464802742,0.01382701750844717,0.01917583867907524,0.012809708714485168,0.021124782040715218,0.03418731316924095,0.061239395290613174,0.0,0.0,0.0,2.2473172975878697e-06
2024,73,3.134663852763723,0.007736575324088335,0.010252697393298149,0.013852854259312153,0.019519802182912827,0.011995055712759495,0.01986066624522209,0.03429967910051346,0.06306534260511398,0.0,0.0,0.0,0.0
2024,74,3.1145931660887682,0.008236207067966461,0.010817280039191246,0.014684999361634254,0.02044539898633957,0.013231080025434494,0.021293330937623978,0.036575090140104294,0.06573402881622314,0.0,0.0,0.0,0.0
2024,75,3.1007346888141916,0.008332115598022938,0.011148637160658836,0.014848101884126663,0.020468106493353844,0.013231080025434494,0.022051800042390823,0.036771729588508606,0.06520029157400131,0.0,0.0,0.0,2.2473172975878697e-06
2024,76,3.0948165405777943,0.007983687333762646,0.011564441956579685,0.015553412958979607,0.021854406222701073,0.012556885369122028,0.023709196597337723,0.03955278545618057,0.07149278372526169,0.0,0.0,0.0,0.0
2024,77,3.084518853469416,0.009174897335469723,0.012966827489435673,0.017344389110803604,0.02350568398833275,0.01483229361474514,0.02665880136191845,0.04413169249892235,0.07522894442081451,0.0,0.0,0.0,0.0
2024,78,3.078423591438736,0.008665887638926506,0.011854195967316628,0.01599125750362873,0.022701207548379898,0.01325917150825262,0.023203549906611443,0.03972133249044418,0.07362773269414902,0.0,0.0,0.0,0.0
2024,79,3.0681606439443736,0.009714669547975063,0.013173632323741913,0.01730947569012642,0.023892546072602272,0.015815494582057,0.026574525982141495,0.04297994449734688,0.07626833021640778,0.0,0.0,0.0,0.0006893645622767508
2024,80,3.0620013644338138,0.010426944121718407,0.01393896248191595,0.01834097132086754,0.025227542966604233,0.016264958307147026,0.027276813983917236,0.04483398050069809,0.07975167036056519,0.0,0.0,0.0,1.1236586487939348e-06
2024,81,3.050414604696668,0.009725258685648441,0.012995395809412003,0.01801927760243416,0.02523268200457096,0.015141299925744534,0.025366593152284622,0.04548008367419243,0.08213944733142853,0.0,0.0,0.0,0.0
2024,82,3.037576204047673,0.011363123543560505,0.015318882651627064,0.019821546971797943,0.027641119435429573,0.017557166516780853,0.029917411506175995,0.04795213043689728,0.08750491589307785,0.0,0.0,0.0,0.0
2024,83,3.0342098488981426,0.010653762146830559,0.014821072109043598,0.019631100818514824,0.027229586616158485,0.01713579334318638,0.03017023392021656,0.04932861402630806,0.08809483796358109,0.0,0.0,0.0,0.0
2024,84,3.029123877706798,0.010618788190186024,0.014941494911909103,0.020286481827497482,0.028098106384277344,0.016939153894782066,0.030394965782761574,0.0516321137547493,0.09135344624519348,0.0,0.0,0.0,4.494634595175739e-06
2024,85,3.0176918776894386,0.012513881549239159,0.01737179420888424,0.022332362830638885,0.029841575771570206,0.020253947004675865,0.035423338413238525,0.05517163872718811,0.0932917594909668,0.0,0.0,0.0,0.0
2024,86,3.00858404954918,0.012177575379610062,0.016279777511954308,0.021702559664845467,0.029605315998196602,0.019635934382677078,0.032417550683021545,0.053907521069049835,0.09382549673318863,0.0,0.0,0.0,0.0
2024,87,3.007602481867781,0.012451112270355225,0.016696717590093613,0.021850554272532463,0.0296130683273077,0.020394403487443924,0.033597394824028015,0.054076071828603745,0.09351649135351181,0.0,0.0,0.0,0.0
2024,88,3.0005460374268442,0.011507880873978138,0.015931397676467896,0.020994700491428375,0.029236875474452972,0.01865273341536522,0.03244564309716225,0.05250294879078865,0.09427496045827866,0.0,0.0,0.0,0.0
2024,89,2.997394727791852,0.012637517414987087,0.01683642342686653,0.022350609302520752,0.030379613861441612,0.020113488659262657,0.03317601978778839,0.05519973114132881,0.09576380997896194,0.0,0.0,0.0,0.0
2024,90,2.9914341468399193,0.013140234164893627,0.017969727516174316,0.023006772622466087,0.031199635937809944,0.021068599075078964,0.03612562641501427,0.056098658591508865,0.09781448543071747,0.0,0.0,0.0,0.0
2024,91,2.981148451446039,0.013397090137004852,0.01815979741513729,0.023751385509967804,0.03204365819692612,0.02151806280016899,0.036434631794691086,0.058739256113767624,0.10065171867609024,0.0,0.0,0.0,0.0
2024,92,2.976478441845872,0.013131469488143921,0.01788068749010563,0.023717738687992096,0.03206627070903778,0.021124782040715218,0.035928983241319656,0.05916062742471695,0.1016630157828331,0.0,0.0,0.0,1.6854878595040645e-06
2024,93,2.970371946471262,0.01304722111672163,0.017981640994548798,0.023965459316968918,0.03245900943875313,0.02047867886722088,0.035928983241319656,0.05963818356394768,0.10264621675014496,0.0,0.0,0.0,0.0
2024,94,2.967712054207579,0.012621686793863773,0.01702035218477249,0.022985372692346573,0.03148437663912773,0.020253947004675865,0.03396258130669594,0.05784032866358757,0.10084836184978485,0.0,0.0,0.0,0.0
2024,95,2.964509434384695,0.013018881902098656,0.018145550042390823,0.023906009271740913,0.032495807856321335,0.02098432555794716,0.03696836903691292,0.059891004115343094,0.1033765971660614,0.0,0.0,0.0,0.0
2024,96,2.959119364317612,0.013335694558918476,0.018504761159420013,0.024337010458111763,0.03257754445075989,0.021209057420492172,0.03733355924487114,0.060565199702978134,0.10228102654218674,0.0,0.0,0.0,0.0
2024,97,2.9582811714666577,0.01501843798905611,0.019578708335757256,0.0253143310546875,0.03375742956995964,0.02334400825202465,0.03755829110741615,0.06045283377170563,0.10317995399236679,0.0,0.0,0.0,0.0
2024,98,2.9501233795876445,0.013887482695281506,0.018717456609010696,0.024306539446115494,0.03282831609249115,0.02168661169707775,0.036743637174367905,0.058935895562171936,0.10211247950792313,0.0,0.0,0.0,0.0
2024,99,2.94612595362541,0.015048391185700893,0.020203452557325363,0.025973962619900703,0.03470419719815254,0.02334400825202465,0.039412327110767365,0.062419235706329346,0.1066352054476738,0.0,0.0,0.0,0.0
2024,100,2.942877160392792,0.014115065336227417,0.019508257508277893,0.025486214086413383,0.03423319756984711,0.022613629698753357,0.039412327110767365,0.06306534260511398,0.10736558586359024,0.0,0.0,0.0,0.0
2024,101,2.9399569768172045,0.014275911264121532,0.01963975466787815,0.025497054681181908,0.034340646117925644,0.022220348939299583,0.03896286338567734,0.06236305460333824,0.10708466917276382,0.0,0.0,0.0,0.0
2024,102,2.9386570183371727,0.014635344967246056,0.019480088725686073,0.025120440870523453,0.03381272032856941,0.02303500287234783,0.038260575383901596,0.06064947322010994,0.10475307703018188,0.0,0.0,0.0,0.0
2024,103,2.932392138057714,0.01466895081102848,0.01997043937444687,0.025907428935170174,0.03477083519101143,0.02351255714893341,0.040086522698402405,0.06379571557044983,0.10874206572771072,0.0,0.0,0.0,0.0
2024,104,2.924851179122925,0.014855497516691685,0.0197620689868927,0.025987207889556885,0.03503386303782463,0.02401820383965969,0.03929996117949486,0.06404854357242584,0.110006183385849,0.0,0.0,0.0,0.0
2024,105,2.9222296262398744,0.014868042431771755,0.019939931109547615,0.0260004960000515,0.03491057828068733,0.02365301363170147,0.03949660062789917,0.06365526467561722,0.10879825055599213,0.0,0.0,0.0,5.618293243969674e-07
2024,106,2.917883542546055,0.014879693277180195,0.020171912387013435,0.026063133031129837,0.03498902544379234,0.023793471977114677,0.040226977318525314,0.06368335336446762,0.10891061276197433,0.0,0.0,0.0,0.0
2024,107,2.916408586759477,0.01578488014638424,0.02118220366537571,0.027413804084062576,0.03648557513952255,0.024608124047517776,0.04137872904539108,0.06618349254131317,0.11222540587186813,0.0,0.0,0.0,0.0
2024,108,2.910035191277261,0.014750202186405659,0.019582197070121765,0.025826090946793556,0.03480636700987816,0.023568740114569664,0.03865385800600052,0.06354289501905441,0.10893870145082474,0.0,0.0,0.0,0.0
2024,109,2.9076452406472684,0.015182910487055779,0.020426161587238312,0.026441436260938644,0.03567884862422943,0.024271026253700256,0.040564075112342834,0.06441373378038406,0.11129838973283768,0.0,0.0,0.0,0.0
2024,110,2.9035885646114785,0.01589304581284523,0.020952651277184486,0.02699042297899723,0.03597617149353027,0.02547895908355713,0.04121018201112747,0.06539693474769592,0.11107365787029266,0.0,0.0,0.0,0.0
2024,111,2.896417672495771,0.01546397339552641,0.020897595211863518,0.02660021372139454,0.03586600348353386,0.02483285591006279,0.04177200794219971,0.06455419212579727,0.11146693676710129,0.0,0.0,0.0,0.0
2024,112,2.8919584754346674,0.016476426273584366,0.02154223993420601,0.027573375031352043,0.036452516913414,0.025787966325879097,0.041547276079654694,0.06553739309310913,0.11048373579978943,0.0,0.0,0.0,0.0
2024,113,2.88833233444636,0.016090581193566322,0.021801315248012543,0.027898265048861504,0.03708730638027191,0.026068881154060364,0.04387886822223663,0.06812180578708649,0.11469745635986328,0.0,0.0,0.0,0.0
2024,114,2.88232610614998,0.016575651243329048,0.022163210436701775,0.02826623246073723,0.037349797785282135,0.02634979411959648,0.04371032118797302,0.06789707392454147,0.11402326077222824,0.0,0.0,0.0,0.0
2024,115,2.878698714188075,0.016263697296380997,0.021904069930315018,0.028287002816796303,0.03788788244128227,0.02550705149769783,0.043092306703329086,0.06854317337274551,0.11728186905384064,0.0,0.0,0.0,0.0
2024,116,2.8738077890213365,0.01698477193713188,0.02257401868700981,0.028589989989995956,0.03809095546603203,0.026434069499373436,0.04399123415350914,0.06789707392454147,0.11601775139570236,0.0,0.0,0.0,0.0
2024,117,2.8698328924886933,0.015358084812760353,0.02096634916961193,0.027020029723644257,0.03610561788082123,0.024945221841335297,0.04236193001270294,0.06640822440385818,0.11247822642326355,0.0,0.0,0.0,0.0
2024,118,2.865371094380635,0.016015054658055305,0.02147642895579338,0.02759670279920101,0.03691036254167557,0.02564750798046589,0.04264284670352936,0.06694196164608002,0.11421989649534225,0.0,0.0,0.0,0.0
2024,119,2.857986532885697,0.017588384449481964,0.02278478816151619,0.028948523104190826,0.038437485694885254,0.02750154584646225,0.04368222877383232,0.06806562095880508,0.11604584753513336,0.0,0.0,0.0,0.0
2024,120,2.8550599502970173,0.01697579026222229,0.022595513612031937,0.028941959142684937,0.03832480311393738,0.02665880136191845,0.04418787732720375,0.06947019696235657,0.11714141070842743,0.0,0.0,0.0,0.0
2024,121,2.851148107595611,0.016477497294545174,0.02185708098113537,0.028460893779993057,0.03820551186800003,0.02598460577428341,0.04278330132365227,0.06899263709783554,0.1183493435382843,0.0,0.0,0.0,0.0
2024,122,2.844459545918,0.01662016473710537,0.022080495953559875,0.028410088270902634,0.03788105398416519,0.02618124522268772,0.043232765048742294,0.0683465376496315,0.11615820974111557,0.0,0.0,0.0,0.0
2024,123,2.8399569811286876,0.017227958887815475,0.022912828251719475,0.029057856649160385,0.03903907909989357,0.026799257844686508,0.04452497512102127,0.06893645972013474,0.11969773471355438,0.0,0.0,0.0,0.0
2024,124,2.8353569285589675,0.017669256776571274,0.02319401130080223,0.02975260093808174,0.039625369012355804,0.02764200232923031,0.044890161603689194,0.07090286165475845,0.12087757885456085,0.0,0.0,0.0,0.0
2024,125,2.8314517454901527,0.017409803345799446,0.02262563817203045,0.029218245297670364,0.038837824016809464,0.02716444805264473,0.043429404497146606,0.06961065530776978,0.1182650700211525,0.0,0.0,0.0,0.0
2024,126,2.82785617420387,0.017393071204423904,0.02303481474518776,0.029028600081801414,0.038806259632110596,0.027248721569776535,0.04477779567241669,0.06857126951217651,0.1182088851928711,0.0,0.0,0.0,0.0
2024,127,2.8217824869632078,0.01690167933702469,0.02273375913500786,0.029489513486623764,0.03973992541432381,0.026209337636828423,0.04438451677560806,0.07123995572328568,0.12318107485771179,0.0,0.0,0.0,0.0
2024,128,2.8167998616994634,0.017530128359794617,0.02326160855591297,0.029872657731175423,0.03947582468390465,0.02747345343232155,0.04531153291463852,0.07152087241411209,0.12034384161233902,0.0,0.0,0.0,0.0
2024,129,2.8124318952985137,0.017689531669020653,0.023884836584329605,0.03013099730014801,0.039975035935640335,0.027894824743270874,0.04713748022913933,0.07197033613920212,0.12197314202785492,0.0,0.0,0.0,0.0
2024,130,2.807575196872356,0.017730196937918663,0.023433415219187737,0.029713312163949013,0.03946230933070183,0.02817573957145214,0.04598572850227356,0.07107140868902206,0.12040001899003983,0.0,0.0,0.0,0.0
2024,131,2.804731002220741,0.017251143231987953,0.023571887984871864,0.030011465772986412,0.0396101251244545,0.027389179915189743,0.04722175374627113,0.07286926358938217,0.12135513126850128,0.0,0.0,0.0,0.0
2024,132,2.7972866504298532,0.018415607511997223,0.024115456268191338,0.030932150781154633,0.041004862636327744,0.028288105502724648,0.04612618684768677,0.0732063576579094,0.12408000230789185,0.0,0.0,0.0,0.0
2024,133,2.793943805411438,0.01855686493217945,0.024342108517885208,0.030846424400806427,0.04114081710577011,0.02882184460759163,0.04680038243532181,0.07275689393281937,0.1250912994146347,0.0,0.0,0.0,0.0
2024,134,2.7889228526719023,0.01871384307742119,0.024595463648438454,0.03101988509297371,0.04100153222680092,0.029074667021632195,0.04739030450582504,0.07295353710651398,0.12368672341108322,0.0,0.0,0.0,0.0
2024,135,2.784977410003724,0.018589716404676437,0.02446761354804039,0.03119274042546749,0.041184429079294205,0.0291870329529047,0.04744648560881615,0.07418955862522125,0.12478229403495789,0.0,0.0,0.0,0.0
2024,136,2.7799924629741675,0.018904641270637512,0.02467731013894081,0.030978141352534294,0.04116841033101082,0.02983313612639904,0.04783976450562477,0.07289735227823257,0.12452946603298187,0.0,0.0,0.0,0.0
2024,137,2.7758724740964036,0.018678249791264534,0.024687359109520912,0.0312981940805912,0.041508156806230545,0.028709478676319122,0.04739030450582504,0.07376819103956223,0.12542839348316193,0.0,0.0,0.0,0.0
2024,138,2.7710534792680006,0.019659215584397316,0.025738047435879707,0.032128531485795975,0.04221381992101669,0.031237710267305374,0.05022754147648811,0.07576268166303635,0.12691724300384521,0.0,0.0,0.0,0.0
2024,139,2.76628301693843,0.01967191882431507,0.025372080504894257,0.03234738111495972,0.04250909760594368,0.03064779005944729,0.0483454130589962,0.07604359835386276,0.12764762341976166,0.0,0.0,0.0,0.0
2024,140,2.7626825678847258,0.0195536557585001,0.025745540857315063,0.032078828662633896,0.04262082278728485,0.03050733171403408,0.04969380423426628,0.0749199390411377,0.1284060925245285,0.0,0.0,0.0,0.0
2024,141,2.7588000104494905,0.01890343613922596,0.02512393705546856,0.031901631504297256,0.04207883030176163,0.029215125367045403,0.048570144921541214,0.07553794980049133,0.12711387872695923,0.0,0.0,0.0,0.0
2024,142,2.75341473095491,0.019740860909223557,0.025924701243638992,0.03281407058238983,0.04306851699948311,0.030788246542215347,0.050087083131074905,0.07747626304626465,0.12955783307552338,0.0,0.0,0.0,0.0
2024,143,2.748275198273652,0.01981048844754696,0.025881540030241013,0.0324275977909565,0.04267757385969162,0.030732063576579094,0.04963761940598488,0.07567840814590454,0.12759143114089966,0.0,0.0,0.0,0.0
2024,144,2.74398846922294,0.019395150244235992,0.025493605062365532,0.032275110483169556,0.04286307096481323,0.03019832633435726,0.04916006699204445,0.07612787187099457,0.12961402535438538,0.0,0.0,0.0,0.0
2024,145,2.7378132031192344,0.02008841373026371,0.026402916759252548,0.032895278185606,0.04333489388227463,0.03151862323284149,0.051238834857940674,0.07708298414945602,0.1300634890794754,0.0,0.0,0.0,0.0
2024,146,2.7348635721142314,0.02070428431034088,0.02697092853486538,0.0335516631603241,0.04428771138191223,0.03182763233780861,0.05132310837507248,0.07750435173511505,0.13208606839179993,0.0,0.0,0.0,0.0
2024,147,2.7291371989668463,0.02073127031326294,0.026807429268956184,0.034215640276670456,0.044091496616601944,0.0317152664065361,0.050592731684446335,0.0800044909119606,0.1301196664571762,0.0,0.0,0.0,0.0
2024,148,2.726020601918662,0.020746996626257896,0.027071291580796242,0.03366092965006828,0.04418690875172615,0.03196808695793152,0.0516040213406086,0.07772908359766006,0.13124333322048187,0.0,0.0,0.0,0.0
2024,149,2.720916785048409,0.02065613865852356,0.027169182896614075,0.03365170210599899,0.044084545224905014,0.03199617937207222,0.05230630934238434,0.07815045863389969,0.13101859390735626,0.0,0.0,0.0,0.0
2024,150,2.71715959524497,0.0211575236171484,0.02779177948832512,0.03442000225186348,0.044721394777297974,0.03269846737384796,0.0533456951379776,0.07983594387769699,0.13208606839179993,0.0,0.0,0.0,0.0
2024,151,2.7123233338921016,0.020831767469644547,0.02723715826869011,0.03389720991253853,0.04476318135857582,0.03216473013162613,0.052081577479839325,0.07859992235898972,0.13371537625789642,0.0,0.0,0.0,0.0
2024,152,2.707134935698207,0.02133341133594513,0.027670690789818764,0.034055195748806,0.04429325461387634,0.03320411220192909,0.05298050493001938,0.0784032791852951,0.1301758587360382,0.0,0.0,0.0,0.0
2024,153,2.7023813981919798,0.020804833620786667,0.02729216404259205,0.03425110876560211,0.04463294893503189,0.0316871739923954,0.05188493803143501,0.07955503463745117,0.13225461542606354,0.0,0.0,0.0,0.0
2024,154,2.699012407889733,0.021570449694991112,0.028096366673707962,0.03486091271042824,0.045551855117082596,0.0333445705473423,0.053598515689373016,0.08051013946533203,0.1347828507423401,0.0,0.0,0.0,0.0
2024,155,2.693717046626988,0.021266363561153412,0.027650460600852966,0.03423250839114189,0.045034416019916534,0.032754648476839066,0.05253104120492935,0.07868419587612152,0.1334063708782196,0.0,0.0,0.0,0.0
2024,156,2.6900619566038393,0.021462716162204742,0.0280347540974617,0.035195473581552505,0.04576360061764717,0.03244564309716225,0.05286813899874687,0.08143716305494308,0.1351199448108673,0.0,0.0,0.0,0.0
2024,157,2.684633242778289,0.0208140816539526,0.02724473364651203,0.034162066876888275,0.0453006774187088,0.03202427178621292,0.05199730396270752,0.07958312332630157,0.13607506453990936,0.0,0.0,0.0,0.0
2024,158,2.681528319553164,0.02148987166583538,0.028045251965522766,0.03479109704494476,0.0455431193113327,0.033232204616069794,0.053570427000522614,0.08039777725934982,0.1348952203989029,0.0,0.0,0.0,0.0
2024,159,2.6778422270709203,0.02187620848417282,0.028621921315789223,0.03561803326010704,0.04631799831986427,0.033597394824028015,0.05455362796783447,0.08247654139995575,0.1366087943315506,0.0,0.0,0.0,0.0
2024,160,2.6726795896666573,0.022247491404414177,0.02882455289363861,0.035811152309179306,0.04670575633645058,0.03435586392879486,0.05483454093337059,0.08270127326250076,0.13784481585025787,0.0,0.0,0.0,0.0
2024,161,2.6683210332383993,0.022895384579896927,0.02888842485845089,0.03587041422724724,0.04678453132510185,0.03561997786164284,0.05435698479413986,0.08211135119199753,0.13728299736976624,0.0,0.0,0.0,0.0
2024,162,2.664976353265657,0.021744119003415108,0.02833601087331772,0.035122670233249664,0.045901354402303696,0.03368166834115982,0.05421653017401695,0.08115624636411667,0.13576605916023254,0.0,0.0,0.0,0.0
2024,163,2.6603498571475668,0.022262677550315857,0.0285586416721344,0.035233598202466965,0.04636528342962265,0.03435586392879486,0.05382324755191803,0.08034159243106842,0.1367211639881134,0.0,0.0,0.0,5.618293243969674e-07
2024,164,2.6563163099662175,0.02208060957491398,0.028743954375386238,0.03574981167912483,0.04646269232034683,0.03427158668637276,0.054918814450502396,0.08286982774734497,0.13705825805664062,0.0,0.0,0.0,0.0
2024,165,2.652365025560222,0.023015223443508148,0.029208626598119736,0.036319561302661896,0.04736297205090523,0.03536715731024742,0.05469408258795738,0.08301027864217758,0.13905274868011475,0.0,0.0,0.0,0.0
2024,166,2.648007619075286,0.023085353896021843,0.02964117005467415,0.03643932193517685,0.04765857383608818,0.034721050411462784,0.055059272795915604,0.08213944733142853,0.13891230523586273,0.0,0.0,0.0,0.0
2024,167,2.6436388910862436,0.023014966398477554,0.029557475820183754,0.03617621213197708,0.047093696892261505,0.03533906489610672,0.05578964948654175,0.08227990567684174,0.13767626881599426,0.0,0.0,0.0,0.0
2024,168,2.6392510355564585,0.02275790646672249,0.028956005349755287,0.0365329347550869,0.04712114483118057,0.03469296172261238,0.053907521069049835,0.08404966443777084,0.13776054978370667,0.0,0.0,0.0,0.0
2024,169,2.6355258047822034,0.02287871390581131,0.02955200895667076,0.03662748634815216,0.04752394184470177,0.03480532765388489,0.055593010038137436,0.08376874774694443,0.13916511833667755,0.0,0.0,0.0,0.0
2024,170,2.6312717673910453,0.022940421476960182,0.029719090089201927,0.03658716008067131,0.04769003763794899,0.03511433303356171,0.05618293210864067,0.08362829685211182,0.1400078684091568,0.0,0.0,0.0,0.0
2024,171,2.6273368913956823,0.02239147759974003,0.02903393656015396,0.036150429397821426,0.04713713005185127,0.03415922075510025,0.05480644851922989,0.08312264829874039,0.13888420164585114,0.0,0.0,0.0,0.0
2024,172,2.623314424082335,0.02315579354763031,0.029893064871430397,0.03692379966378212,0.047929547727108,0.03514242544770241,0.05612674728035927,0.08416203409433365,0.1397550404071808,0.0,0.0,0.0,0.0
2024,173,2.6187102032093867,0.023020058870315552,0.030028974637389183,0.036896392703056335,0.0477580651640892,0.035058148205280304,0.056772854179143906,0.08424630761146545,0.13902465999126434,0.0,0.0,0.0,0.0
2024,174,2.6165543107690437,0.02341819927096367,0.029846888035535812,0.03697825223207474,0.04800114780664444,0.03587280213832855,0.055930107831954956,0.08430249243974686,0.1400640457868576,0.0,0.0,0.0,0.0
2024,175,2.6110214543567816,0.023515814915299416,0.030202433466911316,0.03713162988424301,0.04808925837278366,0.036237992346286774,0.05713804066181183,0.08469577133655548,0.14031687378883362,0.0,0.0,0.0,0.0
2024,176,2.6088838261953087,0.023594539612531662,0.03019249625504017,0.03704734891653061,0.04829712212085724,0.03587280213832855,0.05646384507417679,0.08368447422981262,0.14059779047966003,0.0,0.0,0.0,0.0
2024,177,2.603695058951333,0.023440903052687645,0.030042054131627083,0.036932967603206635,0.04806182160973549,0.03598516806960106,0.05646384507417679,0.08393730223178864,0.1402045041322708,0.0,0.0,0.0,0.0
2024,178,2.601098278756084,0.023567302152514458,0.030456943437457085,0.037411682307720184,0.048496656119823456,0.03604134917259216,0.05733468011021614,0.0850890502333641,0.14135625958442688,0.0,0.0,0.0,0.0
2024,179,2.5980883301028355,0.023759111762046814,0.03009497933089733,0.03726407513022423,0.048483893275260925,0.03620989993214607,0.05584583431482315,0.08430249243974686,0.14099106192588806,0.0,0.0,0.0,0.0
2024,180,2.5947456585090007,0.02372000552713871,0.03025481104850769,0.037522248923778534,0.04869084060192108,0.03618180751800537,0.05632339045405388,0.08514523506164551,0.1417495310306549,0.0,0.0,0.0,0.0
2024,181,2.592009435298472,0.023551497608423233,0.03005780652165413,0.03714493662118912,0.04808654636144638,0.03629417344927788,0.05652002990245819,0.08480813354253769,0.14031687378883362,0.0,0.0,0.0,0.0
2024,182,2.58907673523011,0.023573054000735283,0.030401790514588356,0.03737965226173401,0.04829704388976097,0.03587280213832855,0.05702567473053932,0.08483622968196869,0.1400359570980072,0.0,0.0,0.0,0.0
2024,183,2.5854700564051125,0.023967476561665535,0.030851472169160843,0.0377831794321537,0.04871875420212746,0.03637844696640968,0.057756055146455765,0.08536996692419052,0.14056970179080963,0.0,0.0,0.0,0.0
2024,184,2.582344075124434,0.023346850648522377,0.030085768550634384,0.03712685778737068,0.04797065630555153,0.036097534000873566,0.05696949362754822,0.0850890502333641,0.1399516761302948,0.0,0.0,0.0,1.6854878595040645e-06
2024,185,2.5808698082098918,0.024098241701722145,0.030640283599495888,0.03785531595349312,0.04887853562831879,0.036406539380550385,0.056744761765003204,0.08545424044132233,0.14135625958442688,0.0,0.0,0.0,0.0
2024,186,2.5778525319659273,0.02415728196501732,0.03107338584959507,0.037936337292194366,0.04896559566259384,0.0366874560713768,0.05814933404326439,0.08548232913017273,0.14124388992786407,0.0,0.0,0.0,0.0
2024,187,2.5755292387948185,0.023895107209682465,0.030600011348724365,0.0378834530711174,0.04877171665430069,0.0367155447602272,0.057559411972761154,0.0865778997540474,0.1417495310306549,0.0,0.0,0.0,0.0
2024,188,2.572986700274201,0.023962896317243576,0.030709197744727135,0.03765986114740372,0.04883798211812973,0.0366312712430954,0.05753132328391075,0.08517332375049591,0.1418057233095169,0.0,0.0,0.0,0.0
2024,189,2.571139165425268,0.02414083667099476,0.03069629706442356,0.037661366164684296,0.04888021945953369,0.036912187933921814,0.05727849900722504,0.0849766805768013,0.1416090726852417,0.0,0.0,0.0,0.0
2024,190,2.5698607476294923,0.023691365495324135,0.030459769070148468,0.037708912044763565,0.04855997860431671,0.03581661731004715,0.05680094286799431,0.08567897230386734,0.14045733213424683,0.0,0.0,0.0,0.0
2024,191,2.5677565328183607,0.02402964048087597,0.030820608139038086,0.03777036443352699,0.04881276935338974,0.0366874560713768,0.057727962732315063,0.08542614430189133,0.14118771255016327,0.0,0.0,0.0,0.0
2024,192,2.5666741250175855,0.023841872811317444,0.03066229447722435,0.03803570568561554,0.04887959733605385,0.035900894552469254,0.05710994824767113,0.08643744140863419,0.14127197861671448,0.0,0.0,0.0,0.0
2024,193,2.564871745231824,0.02383280359208584,0.030494993552565575,0.03787188231945038,0.04870452731847763,0.0367155447602272,0.05736277252435684,0.08677453547716141,0.1417214423418045,0.0,0.0,0.0,0.0
2024,194,2.564061133324215,0.023821212351322174,0.030484726652503014,0.037377890199422836,0.04872586950659752,0.036434631794691086,0.057081859558820724,0.08458340167999268,0.14188998937606812,0.0,0.0,0.0,0.0
2024,195,2.563332606584598,0.02365911193192005,0.0309128537774086,0.03791733458638191,0.049012038856744766,0.03556379675865173,0.058093152940273285,0.08604416251182556,0.14219899475574493,0.0,0.0,0.0,0.0
2024,196,2.5622601856586904,0.024189086630940437,0.03109878860414028,0.03807307779788971,0.04907869175076485,0.03682791069149971,0.0583459734916687,0.08629698306322098,0.14203044772148132,0.0,0.0,0.0,0.0
2024,197,2.561989604702845,0.024023042991757393,0.03089877776801586,0.038078565150499344,0.04906958341598511,0.03637844696640968,0.05761559680104256,0.08626889437437057,0.14194618165493011,0.0,0.0,0.0,0.0
2024,198,2.5605841796246938,0.023799749091267586,0.030678685754537582,0.03791910782456398,0.04882953688502312,0.03612562641501427,0.05744704604148865,0.08626889437437057,0.1415248066186905,0.0,0.0,0.0,0.0
2024,199,2.5609641213487837,0.02386307716369629,0.030521810054779053,0.037688449025154114,0.04882265627384186,0.03651890531182289,0.05719422549009323,0.08576324582099915,0.14211472868919373,0.0,0.0,0.0,0.0
2024,200,2.561674569138953,0.023955542594194412,0.030736127868294716,0.03791443631052971,0.04878466948866844,0.0366312712430954,0.05761559680104256,0.08618461340665817,0.14115960896015167,0.0,0.0,0.0,0.0
2025,1,7.854941964632104,0.002325630048289895,0.0032866864930838346,0.004238044377416372,0.004238044377416372,0.0035676162224262953,0.006517220288515091,0.010000561363995075,0.010000561363995075,0.0,0.0,0.40091443061828613,0.760365903377533
2025,2,6.569215627817007,0.005504707805812359,0.006432436406612396,0.00879854429513216,0.009074822068214417,0.00865217112004757,0.011573683470487595,0.02118096500635147,0.022416990250349045,0.0,0.0,0.0,0.5707607269287109
2025,3,5.866556428222038,0.00406210171058774,0.0051754554733633995,0.007155963219702244,0.007155963219702244,0.005843024700880051,0.009466824121773243,0.017248159274458885,0.017248159274458885,0.0,0.0,0.1005520150065422,0.6402208805084229
2025,4,5.376461748491254,0.004914182238280773,0.006289508193731308,0.008757250383496284,0.012532101012766361,0.0071352324448525906,0.011348952539265156,0.02132142335176468,0.04028316214680672,0.0,0.0,0.0,0.0998702347278595
2025,5,4.871197869742287,0.00535560492426157,0.006532216444611549,0.008744416758418083,0.012758408673107624,0.008286982774734497,0.011966964229941368,0.020703410729765892,0.04115399718284607,0.0,0.0,0.0,0.0
2025,6,4.412448470569976,0.005193632561713457,0.006610212381929159,0.009012547321617603,0.012956401333212852,0.008286982774734497,0.012753525748848915,0.022445080801844597,0.04239002242684364,0.0,0.0,0.0,0.0
2025,7,4.069308884874207,0.004968083929270506,0.006466503255069256,0.008831603452563286,0.012441887520253658,0.00775324460119009,0.012416427955031395,0.02185516059398651,0.040086522698402405,0.0,0.0,0.0,0.0014343502698466182
2025,8,3.8216932212453782,0.005540348123759031,0.0072428095154464245,0.009537015110254288,0.012558297254145145,0.008764537051320076,0.014130007475614548,0.023091183975338936,0.03823248669505119,0.0,0.0,0.0,0.13320523500442505
2025,9,3.637403688289215,0.005592686124145985,0.00704484898597002,0.009098859503865242,0.012820720672607422,0.008792628534138203,0.013483903370797634,0.021770885214209557,0.04064835235476494,0.0,0.0,0.0,0.01603854075074196
2025,10,3.517881180110731,0.005622400902211666,0.006881579756736755,0.009244389832019806,0.012311598286032677,0.008933085948228836,0.012893983162939548,0.022248441353440285,0.037783022969961166,0.0,0.0,0.0,0.0
2025,11,3.4468781230581595,0.0051649571396410465,0.006212159059941769,0.008426488377153873,0.0123164476826787,0.0077251531183719635,0.011039946228265762,0.019888758659362793,0.03972133249044418,0.0,0.0,0.0,0.0
2025,12,3.4122325933253075,0.005182531662285328,0.006450521759688854,0.008741115219891071,0.012513297609984875,0.008062250912189484,0.012023147195577621,0.021209057420492172,0.040226977318525314,0.0,0.0,0.0,0.0
2025,13,3.397650495714504,0.005223199259489775,0.0064494977705180645,0.008765879087150097,0.012575855478644371,0.00783751904964447,0.011657957918941975,0.020871959626674652,0.0400022454559803,0.0,0.0,0.0,0.0
2025,14,3.3840385451812334,0.0051442417316138744,0.00677125109359622,0.009343383833765984,0.012657173909246922,0.007697061635553837,0.012753525748848915,0.023063093423843384,0.0399460643529892,0.0,0.0,0.0,0.0
2025,15,3.375094395739186,0.005304958671331406,0.006686392240226269,0.008678031153976917,0.012582573108375072,0.008315074257552624,0.012641159817576408,0.020619135349988937,0.040086522698402405,0.0,0.0,0.0,0.0
2025,16,3.359906952712539,0.0049477387219667435,0.006577910389751196,0.008598619140684605,0.012121209874749184,0.00775324460119009,0.012893983162939548,0.020871959626674652,0.03845721855759621,0.0,0.0,0.0,0.0
2025,17,3.3540438125651537,0.005407943390309811,0.006684087682515383,0.008807686157524586,0.012512997724115849,0.008315074257552624,0.012304062023758888,0.0208157766610384,0.039580874145030975,0.0,0.0,0.0,0.012184953317046165
2025,18,3.34354967433914,0.005155108869075775,0.006873801350593567,0.009172208607196808,0.012193395756185055,0.0077251531183719635,0.013146805576980114,0.022276531904935837,0.037754930555820465,0.0,0.0,0.0,0.0
2025,19,3.335806161607647,0.00505212415009737,0.006492206361144781,0.008843589574098587,0.012374870479106903,0.0077251531183719635,0.012275970540940762,0.021602336317300797,0.03918759524822235,0.0,0.0,0.0,0.0
2025,20,3.3313408637979895,0.004871707875281572,0.006398074794560671,0.008786911144852638,0.012425466440618038,0.008062250912189484,0.012893983162939548,0.02250126376748085,0.040929265320301056,0.0,0.0,0.0,0.04646328464150429
2025,21,3.334103855205129,0.005068170838057995,0.006474831607192755,0.008576403371989727,0.012290185317397118,0.00750042125582695,0.011938872747123241,0.020197764039039612,0.03896286338567734,0.0,0.0,0.0,0.0
2025,22,3.328756375834044,0.005077666603028774,0.006558278575539589,0.008869105018675327,0.012587020173668861,0.00825889129191637,0.012950166128575802,0.02219225838780403,0.04087308421730995,0.0,0.0,0.0,0.0
2025,23,3.3246509137584774,0.005014598369598389,0.006589540280401707,0.00861163530498743,0.012042129412293434,0.0076408786699175835,0.012697342783212662,0.020787684246897697,0.03814820945262909,0.0,0.0,0.0,0.0
2025,24,3.318554972830089,0.005366472061723471,0.0066915820352733135,0.008715921081602573,0.012516574934124947,0.008315074257552624,0.012472610920667648,0.020562952384352684,0.03983369842171669,0.0,0.0,0.0,0.0
2025,25,3.3165643076825884,0.005285516381263733,0.006804839242249727,0.00955065805464983,0.013169042766094208,0.008062250912189484,0.012865891680121422,0.02382156252861023,0.041912466287612915,0.0,0.0,0.0,0.0
2025,26,3.3066604172813427,0.005397075321525335,0.006709198467433453,0.008835508488118649,0.012024405412375927,0.008286982774734497,0.012416427955031395,0.020956233143806458,0.03719310089945793,0.0,0.0,0.0,0.0
2025,27,3.3070294403354166,0.004945914261043072,0.00658231507986784,0.0084858862683177,0.01236026082187891,0.007444238290190697,0.012584976851940155,0.020085398107767105,0.03972133249044418,0.0,0.0,0.0,0.0
2025,28,3.3104217300209116,0.005025083664804697,0.0064462111331522465,0.008166218176484108,0.01133839413523674,0.007949884980916977,0.012444519437849522,0.019383111968636513,0.035423338413238525,0.0,0.0,0.0,0.0
2025,29,3.3070054392100348,0.005120010115206242,0.006977610290050507,0.008766737766563892,0.012355731800198555,0.00750042125582695,0.013315354473888874,0.020422495901584625,0.038401033729314804,0.0,0.0,0.0,0.0
2025,30,3.3045251215035134,0.005109347868710756,0.006319917738437653,0.008326133713126183,0.012235443107783794,0.0078094275668263435,0.011545591987669468,0.01952356845140457,0.03938423469662666,0.0,0.0,0.0,0.0
2025,31,3.299806327794084,0.005143222864717245,0.006548422388732433,0.008432460017502308,0.012509630993008614,0.00766897015273571,0.012023147195577621,0.019579751417040825,0.0399741567671299,0.0,0.0,0.0,0.0
2025,32,3.2990623907199916,0.005197308026254177,0.006599541287869215,0.00887428317219019,0.012775668874382973,0.008062250912189484,0.012472610920667648,0.02165851928293705,0.04149109497666359,0.0,0.0,0.0,0.04000000283122063
2025,33,3.2977180538872477,0.005370629020035267,0.006770847365260124,0.008880726993083954,0.01276318822056055,0.00825889129191637,0.012669251300394535,0.021068599075078964,0.040901172906160355,0.0,0.0,0.0,0.0
2025,34,3.291768753576858,0.005310137290507555,0.006618677172809839,0.009000561200082302,0.012597586959600449,0.008062250912189484,0.012107421644032001,0.021742794662714005,0.03969324007630348,0.0,0.0,0.0,0.0
2025,35,3.291003274853252,0.00508126663044095,0.006733442656695843,0.009277774021029472,0.012826630845665932,0.008062250912189484,0.013315354473888874,0.023400191217660904,0.04132254794239998,0.0,0.0,0.0,0.015163772739470005
2025,36,3.2874336496860233,0.005244137719273567,0.006600975524634123,0.008669021539390087,0.01237376406788826,0.008286982774734497,0.012584976851940155,0.020871959626674652,0.039917971938848495,0.0,0.0,0.0,0.01844991184771061
2025,37,3.283005658109822,0.005030605476349592,0.006593434140086174,0.008817312307655811,0.012452639639377594,0.0076408786699175835,0.012472610920667648,0.021265240386128426,0.040058430284261703,0.0,0.0,0.0,0.023673804476857185
2025,38,3.290992111007855,0.004985077306628227,0.0064483569003641605,0.008170255459845066,0.011757348664104939,0.00741614680737257,0.011995055712759495,0.018737006932497025,0.0366593636572361,0.0,0.0,0.0,0.14362885057926178
2025,39,3.2868921344901225,0.00535560492426157,0.006538076791912317,0.00852059293538332,0.011905341409146786,0.008286982774734497,0.012023147195577621,0.01986066624522209,0.03696836903691292,0.0,0.0,0.0,0.059676945209503174
2025,40,3.2813318155394233,0.005394613370299339,0.0063790688291192055,0.00799905601888895,0.012158927507698536,0.008286982774734497,0.011377044022083282,0.017781898379325867,0.03865385800600052,0.0,0.0,0.0,0.036754310131073
2025,41,3.283785524316806,0.005288403015583754,0.006536121480166912,0.009200386703014374,0.012991287745535374,0.00800606794655323,0.011938872747123241,0.022473173215985298,0.04185628518462181,0.0,0.0,0.0,1.6854878595040645e-06
2025,42,3.2828678563538833,0.00532038789242506,0.006711429916322231,0.008586942218244076,0.011776400730013847,0.00817461684346199,0.012528793886303902,0.02000112272799015,0.03612562641501427,0.0,0.0,0.0,0.10299510508775711
2025,43,3.276493465047777,0.005266668274998665,0.006617049220949411,0.009421623311936855,0.01278806570917368,0.007949884980916977,0.012163604609668255,0.02351255714893341,0.04053598642349243,0.0,0.0,0.0,0.019473565742373466
2025,44,3.275626933204661,0.005416812840849161,0.006636276375502348,0.009105839766561985,0.012332835234701633,0.008315074257552624,0.012079330161213875,0.02202370949089527,0.03823248669505119,0.0,0.0,0.0,0.056835778057575226
2025,45,3.270155622248064,0.00512491911649704,0.006633749231696129,0.008953054435551167,0.012334257364273071,0.007781336084008217,0.012444519437849522,0.02165851928293705,0.03868194669485092,0.0,0.0,0.0,0.03805887699127197
2025,46,3.2747324603771872,0.005328733008354902,0.0069174375385046005,0.00896463729441166,0.01307680457830429,0.00825889129191637,0.013202988542616367,0.021461879834532738,0.042081017047166824,0.0,0.0,0.0,0.0
2025,47,3.2660297401520886,0.005407943390309811,0.007255384232848883,0.009342784062027931,0.012870293110609055,0.008315074257552624,0.014130007475614548,0.022416990250349045,0.04031125456094742,0.0,0.0,0.0,0.0
2025,48,3.266324145912963,0.004751512780785561,0.006119941361248493,0.008428974077105522,0.012341981753706932,0.007388055324554443,0.011629866436123848,0.02084386721253395,0.04084499180316925,0.0,0.0,0.0,0.0
2025,49,3.2639589991807614,0.005303515121340752,0.007043896242976189,0.009131652303040028,0.012644410133361816,0.00834316574037075,0.013877184130251408,0.022220348939299583,0.03983369842171669,0.0,0.0,0.0,0.0
2025,50,3.2533972417777366,0.005285516381263733,0.006924521643668413,0.009004333056509495,0.012922260910272598,0.008062250912189484,0.013146805576980114,0.021405696868896484,0.04135063663125038,0.0,0.0,0.0,0.0
2025,51,3.258262974369703,0.00463039381429553,0.005788727197796106,0.007571319583803415,0.011112276464700699,0.007163323927670717,0.010730939917266369,0.01783808134496212,0.03547951951622963,0.0,0.0,0.0,0.11226417869329453
2025,52,3.255490884446261,0.005347101949155331,0.006580600049346685,0.008489193394780159,0.012192066758871078,0.00848362222313881,0.012332153506577015,0.019944941624999046,0.03868194669485092,0.0,0.0,0.0,0.03494521975517273
2025,53,3.2518117939412354,0.00524615403264761,0.006583321839570999,0.008676277473568916,0.01290684100240469,0.00792179349809885,0.012023147195577621,0.020422495901584625,0.04199673980474472,0.0,0.0,0.0,0.03951907157897949
2025,54,3.2536225750057,0.005302347708493471,0.00676750997081399,0.008698897436261177,0.012883191928267479,0.008062250912189484,0.012669251300394535,0.020422495901584625,0.04149109497666359,0.0,0.0,0.0,0.0
2025,55,3.2477237383524575,0.005277141463011503,0.0065120975486934185,0.008833733387291431,0.012514912523329258,0.008034159429371357,0.011882689781486988,0.021209057420492172,0.0400022454559803,0.0,0.0,0.0,0.0
2025,56,3.249195095981181,0.005864367820322514,0.007260981015861034,0.009244400076568127,0.012824242003262043,0.00949491560459137,0.013849092647433281,0.021798977628350258,0.03986179083585739,0.0,0.0,0.0,0.0
2025,57,3.2434495270815296,0.005397075321525335,0.006645158398896456,0.008799726143479347,0.01275175716727972,0.008286982774734497,0.012219787575304508,0.02067531831562519,0.04078880697488785,0.0,0.0,0.0,0.0
2025,58,3.2455063226573704,0.005296383053064346,0.006808319129049778,0.008630670607089996,0.012594318948686123,0.00809034239500761,0.012753525748848915,0.020057305693626404,0.040030337870121,0.0,0.0,0.0,0.0
2025,59,3.2372418045193236,0.005095848347991705,0.0066783977672457695,0.009526870213449001,0.012383799999952316,0.00758469570428133,0.012500702403485775,0.024046294391155243,0.03845721855759621,0.0,0.0,0.0,0.0
2025,60,3.234309156574862,0.0053892857395112514,0.007082961965352297,0.008974463678896427,0.012481724843382835,0.008286982774734497,0.013455811887979507,0.021068599075078964,0.03879431262612343,0.0,0.0,0.0,0.0
2025,61,3.208013321224012,0.005036411806941032,0.00626229727640748,0.007737336680293083,0.01152701023966074,0.00750042125582695,0.011320861056447029,0.01713579334318638,0.036237992346286774,0.0,0.0,0.0,0.05756895989179611
2025,62,3.1777665811350793,0.0053667849861085415,0.0075914314948022366,0.010311445221304893,0.014871262945234776,0.008202708326280117,0.015113208442926407,0.026040788739919662,0.049103882163763046,0.0,0.0,0.0,0.010046069510281086
2025,63,3.14378588852773,0.007280444260686636,0.010075665079057217,0.013155689463019371,0.018924763426184654,0.011686049401760101,0.020422495901584625,0.03281083330512047,0.06211023032665253,0.0,0.0,0.0,0.0003601325734052807
2025,64,3.125770899287441,0.007900228723883629,0.010732563212513924,0.014197970740497112,0.019959602504968643,0.012135513126850128,0.02101241610944271,0.0349457822740078,0.06430136412382126,0.0,0.0,0.0,0.0009472441743128002
2025,65,3.113154620776775,0.007886548526585102,0.010593825951218605,0.014862144365906715,0.02122359536588192,0.012725434266030788,0.021265240386128426,0.0382886677980423,0.07053767144680023,0.0,0.0,0.0,0.0
2025,66,3.103155109724696,0.007712206337600946,0.01057585421949625,0.014951515942811966,0.021640436723828316,0.012613068334758282,0.021630428731441498,0.039103321731090546,0.07281307876110077,0.0,0.0,0.0,0.0007949884748086333
2025,67,3.089022842978659,0.00946813728660345,0.013006418012082577,0.0171331949532032,0.023651305586099625,0.01466374471783638,0.025759873911738396,0.04219338297843933,0.07514467090368271,0.0,0.0,0.0,0.0
2025,68,3.0826711310387944,0.009425573982298374,0.013247271068394184,0.017808450385928154,0.025185415521264076,0.014523288235068321,0.02651834301650524,0.044749703258275986,0.08213944733142853,0.0,0.0,0.0,0.0
2025,69,3.0716371401118847,0.009724514558911324,0.013052196241915226,0.017870880663394928,0.024598658084869385,0.015562672168016434,0.025956515222787857,0.045283444225788116,0.07938648015260696,0.0,0.0,0.0,0.0
2025,70,3.0625908664363597,0.011849158443510532,0.015765998512506485,0.02040494605898857,0.02789011038839817,0.018540367484092712,0.030788246542215347,0.04927242919802666,0.08725209534168243,0.0,0.0,0.0,0.0
2025,71,3.054623085477574,0.011527324095368385,0.015427757985889912,0.02028682269155979,0.028129728510975838,0.01865273341536522,0.030703973025083542,0.050087083131074905,0.08978032320737839,0.0,0.0,0.0,0.0
2025,72,3.046228858301675,0.010654076002538204,0.014875112101435661,0.019639987498521805,0.02771461382508278,0.016911063343286514,0.030057867988944054,0.04899151623249054,0.08989269286394119,0.0,0.0,0.0,0.0
2025,73,3.0397387319891718,0.011306466534733772,0.015316735953092575,0.02037816494703293,0.028333071619272232,0.01817517913877964,0.030788246542215347,0.05104219168424606,0.09129726141691208,0.0,0.0,0.0,0.0
2025,74,3.0320690794673206,0.01209231186658144,0.01636345498263836,0.021626757457852364,0.028901465237140656,0.019102197140455246,0.03244564309716225,0.05348614975810051,0.09034215658903122,0.0,0.0,0.0,0.0
2025,75,3.033270082653936,0.013151604682207108,0.017510315403342247,0.022512288764119148,0.031082218512892723,0.021068599075078964,0.03466486930847168,0.054581716656684875,0.09795494377613068,0.0,0.0,0.0,0.0
2025,76,3.0257067056159097,0.012432011775672436,0.017294757068157196,0.02279987744987011,0.030820967629551888,0.02000112272799015,0.03514242544770241,0.05710994824767113,0.09778638929128647,0.0,0.0,0.0,0.0
2025,77,3.0206499138341742,0.013263899832963943,0.017723416909575462,0.023564189672470093,0.03140924125909805,0.020394403487443924,0.03429967910051346,0.057587504386901855,0.09739311039447784,0.0,0.0,0.0,0.0
2025,78,3.013965827089894,0.013396886177361012,0.018069855868816376,0.02360825426876545,0.03222615644335747,0.020928142592310905,0.03550761193037033,0.057559411972761154,0.10132591426372528,0.0,0.0,0.0,0.0
2025,79,3.0095203466582716,0.014061843045055866,0.018770543858408928,0.024352632462978363,0.0327247753739357,0.021911343559622765,0.03651890531182289,0.05871116369962692,0.10107309371232986,0.0,0.0,0.0,0.0
2025,80,3.0046057086563627,0.01316921692341566,0.018184488639235497,0.024245912209153175,0.032455410808324814,0.021096691489219666,0.036771729588508606,0.060930389910936356,0.10253384709358215,0.0,0.0,0.0,0.0
2025,81,3.000824163478074,0.013632494956254959,0.018162956461310387,0.023808419704437256,0.032459404319524765,0.02118096500635147,0.035423338413238525,0.05786842107772827,0.1015787422657013,0.0,0.0,0.0,0.0
2025,82,3.003350538119935,0.014441746287047863,0.019025785848498344,0.024706166237592697,0.03310362622141838,0.02314736694097519,0.03747401386499405,0.060059554874897,0.10259003192186356,0.0,0.0,0.0,0.0
2025,83,3.003334445026722,0.013390923850238323,0.018236368894577026,0.02409764565527439,0.03270265832543373,0.021770885214209557,0.03694027662277222,0.06028428673744202,0.10388223826885223,0.0,0.0,0.0,0.0
2025,84,2.9964768146535485,0.014268649742007256,0.018864287063479424,0.02480774000287056,0.033196527510881424,0.022388897836208344,0.036771729588508606,0.06039665266871452,0.10284285992383957,0.0,0.0,0.0,0.0
2025,85,2.992510258910144,0.014197290875017643,0.019129980355501175,0.025030549615621567,0.034015901386737823,0.02233271487057209,0.037586379796266556,0.06115512177348137,0.1066913902759552,0.0,0.0,0.0,0.0
2025,86,2.985860298519675,0.013945437967777252,0.01900809071958065,0.02473977766931057,0.03320115804672241,0.021967526525259018,0.037754930555820465,0.06067756563425064,0.10354514420032501,0.0,0.0,0.0,0.0
2025,87,2.981832641660765,0.01448522787541151,0.019972240552306175,0.025613436475396156,0.03441789001226425,0.022220348939299583,0.03935614228248596,0.06180122494697571,0.10632620006799698,0.0,0.0,0.0,0.0
2025,88,2.980473410584505,0.014383901841938496,0.019360944628715515,0.025438932701945305,0.03388521447777748,0.02283836156129837,0.0383729413151741,0.06261587888002396,0.10539917647838593,0.0,0.0,0.0,0.0
2025,89,2.9712093561767086,0.015123964287340641,0.01972527988255024,0.025407232344150543,0.03455144166946411,0.023962020874023438,0.038316760212183,0.06101466342806816,0.10742176324129105,0.0,0.0,0.0,0.0
2025,90,2.969107926454943,0.01447988674044609,0.019327707588672638,0.025355251505970955,0.03386521711945534,0.022585539147257805,0.03767065703868866,0.0616326741874218,0.10486543923616409,0.0,0.0,0.0,0.0
2025,91,2.9656735496160636,0.014438135549426079,0.019279053434729576,0.02519766055047512,0.033998142927885056,0.02269790507853031,0.03786729648709297,0.061407946050167084,0.10601719468832016,0.0,0.0,0.0,0.0
2025,92,2.9616365078811544,0.015789996832609177,0.020989928394556046,0.02652767300605774,0.035137780010700226,0.02480476349592209,0.041097816079854965,0.06314961612224579,0.106775663793087,0.0,0.0,0.0,0.0
2025,93,2.9553703946462364,0.014722227118909359,0.01956637017428875,0.025157997384667397,0.03403957933187485,0.023231642320752144,0.0383729413151741,0.060593292117118835,0.10551154613494873,0.0,0.0,0.0,0.0
2025,94,2.9511292727209133,0.01589365117251873,0.02072908729314804,0.026028670370578766,0.034901246428489685,0.024467667564749718,0.03952469304203987,0.06067756563425064,0.10559581965208054,0.0,0.0,0.0,0.0
2025,95,2.9506933959389503,0.0149501021951437,0.019681841135025024,0.02532847598195076,0.03417213633656502,0.02399011142551899,0.038766223937273026,0.06129558011889458,0.10610146820545197,0.0,0.0,0.0,0.0
2025,96,2.944520131779103,0.01544794999063015,0.020863698795437813,0.027126643806695938,0.03571165353059769,0.02500140480697155,0.041884373873472214,0.066745325922966,0.11031518876552582,0.0,0.0,0.0,0.0
2025,97,2.9389900263504463,0.015261445194482803,0.019931454211473465,0.02641201764345169,0.03526510298252106,0.023765379562973976,0.0383448526263237,0.06410472840070724,0.10907915979623795,0.0,0.0,0.0,5.618293243969674e-07
2025,98,2.9385592969644727,0.01538005005568266,0.02082059346139431,0.026880508288741112,0.03570834919810295,0.024046294391155243,0.04087308421730995,0.0649474710226059,0.10983762890100479,0.0,0.0,0.0,0.0
2025,99,2.931865044450953,0.01626901887357235,0.02134420908987522,0.027228545397520065,0.0362226776778698,0.025422776117920876,0.041266363114118576,0.06469464302062988,0.11037136614322662,0.0,0.0,0.0,0.0
2025,100,2.932378980955775,0.0147866141051054,0.019986780360341072,0.025782961398363113,0.03458505868911743,0.02365301363170147,0.03988988324999809,0.06295297294855118,0.10756222158670425,0.0,0.0,0.0,0.0
2025,101,2.928767852937644,0.015771644189953804,0.02087284065783024,0.026645997539162636,0.03572952002286911,0.025254227221012115,0.04118208959698677,0.06413281708955765,0.11011854559183121,0.0,0.0,0.0,0.0
2025,102,2.923870221484206,0.016540780663490295,0.021356362849473953,0.027207927778363228,0.036385998129844666,0.026743074879050255,0.04177200794219971,0.0650036484003067,0.11135456711053848,0.0,0.0,0.0,0.0
2025,103,2.918448749663215,0.016732055693864822,0.021475564688444138,0.028122348710894585,0.03741619363427162,0.025619417428970337,0.04033934324979782,0.06682959944009781,0.11396707594394684,0.0,0.0,0.0,0.0
2025,104,2.9155380902824453,0.016450604423880577,0.02183680795133114,0.027813620865345,0.037305425852537155,0.025787966325879097,0.042586661875247955,0.06635203957557678,0.11438845098018646,0.0,0.0,0.0,0.0
2025,105,2.9110429232258865,0.015019096434116364,0.020485932007431984,0.026377934962511063,0.03592238202691078,0.024439575150609016,0.04149109497666359,0.0650036484003067,0.1134052500128746,0.0,0.0,0.0,0.0
2025,106,2.908026494156172,0.016867851838469505,0.022105282172560692,0.02815800905227661,0.03709416463971138,0.026883533224463463,0.04320467263460159,0.06733524054288864,0.11250632256269455,0.0,0.0,0.0,0.0
2025,107,2.9001988621375823,0.01730836182832718,0.02291572466492653,0.028699856251478195,0.03779035434126854,0.026546435430645943,0.04399123415350914,0.06699814647436142,0.11304005980491638,0.0,0.0,0.0,0.0
2025,108,2.894342100089378,0.017080828547477722,0.022460004314780235,0.02845633588731289,0.03781343251466751,0.026546435430645943,0.0432889498770237,0.06725096702575684,0.11458508670330048,0.0,0.0,0.0,0.0
2025,109,2.890200770657394,0.01656346209347248,0.021535729989409447,0.028181659057736397,0.037844620645046234,0.026040788739919662,0.04149109497666359,0.06789707392454147,0.11683240532875061,0.0,0.0,0.0,0.0
2025,110,2.8902779072724214,0.01697079837322235,0.022518526762723923,0.028306974098086357,0.037650302052497864,0.02584414929151535,0.04314849153161049,0.06618349254131317,0.113433338701725,0.0,0.0,0.0,0.0
2025,111,2.883914835218154,0.01650748960673809,0.021818002685904503,0.028380801901221275,0.03765789046883583,0.025366593152284622,0.041940558701753616,0.06814989447593689,0.1149783730506897,0.0,0.0,0.0,0.0
2025,112,2.878260208366693,0.015859544277191162,0.021711569279432297,0.027848105877637863,0.037011273205280304,0.025226136669516563,0.0433732233941555,0.06778470426797867,0.11430417746305466,0.0,0.0,0.0,0.0
2025,113,2.873929210037355,0.01711970753967762,0.022898463532328606,0.028916392475366592,0.03828230872750282,0.027080172672867775,0.0450306199491024,0.06904882192611694,0.11646721512079239,0.0,0.0,0.0,0.0
2025,114,2.8730920985964468,0.017046529799699783,0.0226929672062397,0.028851373121142387,0.038511794060468674,0.02682735025882721,0.04444069787859917,0.06904882192611694,0.11789987981319427,0.0,0.0,0.0,0.0
2025,115,2.867370756370658,0.016767015680670738,0.022583192214369774,0.028910603374242783,0.038365960121154785,0.02665880136191845,0.04477779567241669,0.0699196606874466,0.11781560629606247,0.0,0.0,0.0,0.0
2025,116,2.8622146396019197,0.017092451453208923,0.02261996455490589,0.029063226655125618,0.03835613653063774,0.026911623775959015,0.04418787732720375,0.0699196606874466,0.11702904850244522,0.0,0.0,0.0,0.0
2025,117,2.8564726177014803,0.018553486093878746,0.02397252805531025,0.029946692287921906,0.0397479273378849,0.028456654399633408,0.045423898845911026,0.06918928027153015,0.11891117691993713,0.0,0.0,0.0,0.0
2025,118,2.854256569132631,0.01745298132300377,0.023138457909226418,0.0294741690158844,0.03906433284282684,0.02733299694955349,0.04511489346623421,0.07042530179023743,0.11907972395420074,0.0,0.0,0.0,1.1236586487939348e-06
2025,119,2.849998303270533,0.017075717449188232,0.022539934143424034,0.029173288494348526,0.038670770823955536,0.027108265087008476,0.04413169249892235,0.07053767144680023,0.11860217154026031,0.0,0.0,0.0,0.0
2025,120,2.845573161134192,0.01738683693110943,0.02291947416961193,0.029549717903137207,0.03917437046766281,0.02730490453541279,0.044609248638153076,0.07101522386074066,0.11975391954183578,0.0,0.0,0.0,0.0
2025,121,2.8401973498495003,0.0180080384016037,0.023788852617144585,0.02998020499944687,0.03938370570540428,0.028372380882501602,0.04637901112437248,0.07101522386074066,0.11874262243509293,0.0,0.0,0.0,0.0
2025,122,2.8385455646978217,0.017896579578518867,0.0237030740827322,0.030313314869999886,0.039928171783685684,0.02797910012304783,0.04604191333055496,0.07236361503601074,0.12127085775136948,0.0,0.0,0.0,0.0
2025,123,2.834604628172963,0.016949739307165146,0.022764399647712708,0.02906557358801365,0.03905589506030083,0.02719253860414028,0.045255351811647415,0.07028485089540482,0.12098994106054306,0.0,0.0,0.0,0.0
2025,124,2.8274415652600697,0.01779845915734768,0.023640617728233337,0.02993035688996315,0.03973814845085144,0.028428563848137856,0.046603742986917496,0.07180178910493851,0.1215798631310463,0.0,0.0,0.0,0.0
2025,125,2.8242556360247324,0.018096286803483963,0.024378273636102676,0.03055373579263687,0.04043315351009369,0.02848474681377411,0.04803640767931938,0.07270071655511856,0.12278779596090317,0.0,0.0,0.0,0.0
2025,126,2.820389283330817,0.01835506036877632,0.024088293313980103,0.030636925250291824,0.0406864695250988,0.02901848405599594,0.04682847484946251,0.07292544841766357,0.12374290823936462,0.0,0.0,0.0,0.0
2025,127,2.8132232200761558,0.017844658344984055,0.023452766239643097,0.030257605016231537,0.040178172290325165,0.02817573957145214,0.04562054201960564,0.07278499007225037,0.12287206947803497,0.0,0.0,0.0,0.0
2025,128,2.808266836300231,0.018694568425416946,0.024586934596300125,0.031237103044986725,0.04119525104761124,0.0291870329529047,0.04750267043709755,0.07390864938497543,0.12447328865528107,0.0,0.0,0.0,0.0
2025,129,2.805586555226129,0.019054844975471497,0.02490769326686859,0.031354837119579315,0.041607651859521866,0.029917411506175995,0.04814877361059189,0.07393673807382584,0.12582167983055115,0.0,0.0,0.0,0.0
2025,130,2.7996726689229288,0.02014343999326229,0.025791078805923462,0.031981538981199265,0.04200362786650658,0.03154671564698219,0.04918815568089485,0.07379627972841263,0.12461373955011368,0.0,0.0,0.0,0.0
2025,131,2.796337308510434,0.01920885033905506,0.02501392737030983,0.03127294033765793,0.04110926762223244,0.03050733171403408,0.048598237335681915,0.07354345917701721,0.12349008023738861,0.0,0.0,0.0,0.0
2025,132,2.79213611317067,0.019401339814066887,0.025439627468585968,0.03190716728568077,0.04220953211188316,0.03067588061094284,0.049412887543439865,0.07517275959253311,0.12739479541778564,0.0,0.0,0.0,0.0
2025,133,2.786813413244188,0.019536171108484268,0.025555148720741272,0.031759265810251236,0.04231170937418938,0.03031069226562977,0.049075789749622345,0.07382437586784363,0.12719815969467163,0.0,0.0,0.0,0.0
2025,134,2.7840718170891887,0.0188906267285347,0.025035236030817032,0.03128986060619354,0.041646745055913925,0.030057867988944054,0.049103882163763046,0.07388055324554443,0.12629923224449158,0.0,0.0,0.0,0.0
2025,135,2.7806602087419847,0.02000734768807888,0.025880737230181694,0.03236164152622223,0.04248218238353729,0.03135007619857788,0.04960952699184418,0.07542558759450912,0.1267206072807312,0.0,0.0,0.0,0.0
2025,136,2.774170316987031,0.018862493336200714,0.02513889968395233,0.03185439109802246,0.0418473482131958,0.029383672401309013,0.04901960864663124,0.07576268166303635,0.12643969058990479,0.0,0.0,0.0,0.0
2025,137,2.7702256664734297,0.019574135541915894,0.02548903226852417,0.031980399042367935,0.04218478873372078,0.030591607093811035,0.04899151623249054,0.07469520717859268,0.126523956656456,0.0,0.0,0.0,0.0
2025,138,2.767678333841033,0.01970531977713108,0.0258690994232893,0.032579220831394196,0.042896371334791183,0.030928703024983406,0.05011517554521561,0.07691443711519241,0.12913647294044495,0.0,0.0,0.0,0.0
2025,139,2.762009899625894,0.019121509045362473,0.02519356645643711,0.0321512408554554,0.042323824018239975,0.0300297774374485,0.048907242715358734,0.0767177939414978,0.1282094568014145,0.0,0.0,0.0,0.0
2025,140,2.758046686568884,0.020699452608823776,0.02668030932545662,0.03330991417169571,0.043865468353033066,0.03213663771748543,0.050733186304569244,0.07711107283830643,0.13065341114997864,0.0,0.0,0.0,0.0
2025,141,2.754481358727624,0.019838370382785797,0.025285299867391586,0.03221368417143822,0.04246880114078522,0.03118152730166912,0.04814877361059189,0.07567840814590454,0.12770380079746246,0.0,0.0,0.0,0.0
2025,142,2.7494208188513833,0.02063826657831669,0.02713916264474392,0.03350374847650528,0.04357282444834709,0.03213663771748543,0.052390582859516144,0.07772908359766006,0.12874318659305573,0.0,0.0,0.0,0.0
2025,143,2.7442585337660734,0.021026253700256348,0.026987699791789055,0.03370893746614456,0.04381757602095604,0.03216473013162613,0.050733186304569244,0.07736389338970184,0.12863081693649292,0.0,0.0,0.0,0.0
2025,144,2.7404231558605403,0.020357079803943634,0.02662087231874466,0.03342847526073456,0.04383385553956032,0.03196808695793152,0.05146356672048569,0.0784313753247261,0.13127142190933228,0.0,0.0,0.0,0.0
2025,145,2.7364008822421795,0.021055281162261963,0.027197934687137604,0.03370234742760658,0.04440850019454956,0.03188381344079971,0.051070284098386765,0.07697061449289322,0.13132759928703308,0.0,0.0,0.0,0.0
2025,146,2.7311357801903275,0.02099606581032276,0.027124134823679924,0.03379633650183678,0.044249288737773895,0.03205236420035362,0.05121074244379997,0.07778526842594147,0.13073767721652985,0.0,0.0,0.0,0.0
2025,147,2.727480877105363,0.020434200763702393,0.027154430747032166,0.03388557583093643,0.04443350061774254,0.031434349715709686,0.05227821692824364,0.07902128994464874,0.13253553211688995,0.0,0.0,0.0,0.0
2025,148,2.722149247260872,0.020978398621082306,0.026965782046318054,0.033695656806230545,0.04427279531955719,0.03267037495970726,0.05129501596093178,0.07809427380561829,0.1316085159778595,0.0,0.0,0.0,0.0
2025,149,2.7178631009038803,0.021358851343393326,0.02726355381309986,0.03423578292131424,0.04475640878081322,0.03320411220192909,0.051575932651758194,0.07938648015260696,0.13273218274116516,0.0,0.0,0.0,0.0
2025,150,2.7134380504669933,0.022113867104053497,0.028537705540657043,0.03530614450573921,0.04611881822347641,0.0333164781332016,0.0532895103096962,0.08017304539680481,0.1349513977766037,0.0,0.0,0.0,0.0
2025,151,2.7083878986909484,0.021108699962496758,0.02741548791527748,0.03398240730166435,0.04451237991452217,0.032895106822252274,0.05261531472206116,0.07874038070440292,0.13219843804836273,0.0,0.0,0.0,0.0
2025,152,2.702796668658855,0.022022051736712456,0.028660820797085762,0.0351010262966156,0.045337095856666565,0.034046854823827744,0.05460980907082558,0.08034159243106842,0.13228271901607513,0.0,0.0,0.0,0.0
2025,153,2.6987060969657746,0.021242843940854073,0.027708884328603745,0.034435905516147614,0.045362867414951324,0.032586101442575455,0.05267149955034256,0.07944266498088837,0.1348671317100525,0.0,0.0,0.0,0.0
2025,154,2.693094588484359,0.022226480767130852,0.028454314917325974,0.03538857027888298,0.046008963137865067,0.03452441096305847,0.05387943238019943,0.08149334043264389,0.13531659543514252,0.0,0.0,0.0,0.0
2025,155,2.6895393610965868,0.022207215428352356,0.02845567837357521,0.03519895300269127,0.04591425880789757,0.034440137445926666,0.053907521069049835,0.08084724098443985,0.13537277281284332,0.0,0.0,0.0,0.0
2025,156,2.6851318818837524,0.02195657789707184,0.02833774872124195,0.034839872270822525,0.04526129737496376,0.034243497997522354,0.05396370589733124,0.07980785518884659,0.13261981308460236,0.0,0.0,0.0,0.0
2025,157,2.6810623650287004,0.02210632897913456,0.028519777581095695,0.03513168916106224,0.046049684286117554,0.034074947237968445,0.05404797941446304,0.08031350374221802,0.13579414784908295,0.0,0.0,0.0,0.0
2025,158,2.676038073785553,0.023077473044395447,0.02959764003753662,0.036518700420856476,0.04713049903512001,0.03486150875687599,0.05517163872718811,0.08284173160791397,0.1365807056427002,0.0,0.0,0.0,0.0
2025,159,2.6715264120887006,0.022848686203360558,0.028925767168402672,0.035817913711071014,0.04666660353541374,0.03511433303356171,0.054076071828603745,0.08146525174379349,0.1364683359861374,0.0,0.0,0.0,0.0
2025,160,2.6670388367816344,0.022808510810136795,0.029145484790205956,0.03630037233233452,0.04670874401926994,0.0349457822740078,0.05463790148496628,0.08317883312702179,0.13585032522678375,0.0,0.0,0.0,0.0
2025,161,2.661808424793918,0.022831911221146584,0.029372090473771095,0.03649153932929039,0.04706229642033577,0.034917693585157394,0.05517163872718811,0.08357211202383041,0.13722680509090424,0.0,0.0,0.0,0.0
2025,162,2.6576034025302944,0.023135410621762276,0.029515204951167107,0.03650059923529625,0.04729080945253372,0.03528288006782532,0.055087365210056305,0.08275745809078217,0.13742345571517944,0.0,0.0,0.0,0.0
2025,163,2.6542631115829733,0.022837210446596146,0.029517440125346184,0.03644994646310806,0.04736141860485077,0.034777235239744186,0.05548064410686493,0.08298218995332718,0.1382661908864975,0.0,0.0,0.0,0.0
2025,164,2.6496041107435135,0.023387862369418144,0.02983393892645836,0.037098150700330734,0.04770902916789055,0.03584470972418785,0.05595820024609566,0.08480813354253769,0.13877184689044952,0.0,0.0,0.0,0.0
2025,165,2.6451330522776617,0.02399349957704544,0.030522869899868965,0.03735243156552315,0.04824160039424896,0.03649081289768219,0.056744761765003204,0.08399347960948944,0.13916511833667755,0.0,0.0,0.0,0.0
2025,166,2.6407276483682485,0.023304885253310204,0.029620330780744553,0.03669198602437973,0.04762301966547966,0.035591885447502136,0.055255912244319916,0.0833754688501358,0.13879993557929993,0.0,0.0,0.0,0.0
2025,167,2.6360813458117076,0.023327432572841644,0.029992762953042984,0.03711102157831192,0.04779498279094696,0.035395245999097824,0.056070566177368164,0.08444294333457947,0.13868756592273712,0.0,0.0,0.0,0.0
2025,168,2.6319823429169444,0.023696091026067734,0.030201014131307602,0.03730690851807594,0.048232950270175934,0.03553570434451103,0.05578964948654175,0.08407776057720184,0.13950221240520477,0.0,0.0,0.0,0.0
2025,169,2.629218160060414,0.023867836222052574,0.030518068000674248,0.03775380924344063,0.048601940274238586,0.035900894552469254,0.0566323958337307,0.08539805561304092,0.14040113985538483,0.0,0.0,0.0,0.0
2025,170,2.6242644722484223,0.02491241879761219,0.03126577287912369,0.038230881094932556,0.04943811148405075,0.03755829110741615,0.05736277252435684,0.08514523506164551,0.14200235903263092,0.0,0.0,0.0,0.0
2025,171,2.6204809054993747,0.024230320006608963,0.03036925382912159,0.03748702630400658,0.048435062170028687,0.037052642554044724,0.056070566177368164,0.08441485464572906,0.1398393213748932,0.0,0.0,0.0,0.0
2025,172,2.6169913400683487,0.024279186502099037,0.030528970062732697,0.03751742094755173,0.048601388931274414,0.03696836903691292,0.05637957155704498,0.08407776057720184,0.14014832675457,0.0,0.0,0.0,0.0
2025,173,2.6123879547865605,0.024251524358987808,0.030933823436498642,0.038083840161561966,0.04909248277544975,0.036406539380550385,0.05716613307595253,0.08562278747558594,0.14138434827327728,0.0,0.0,0.0,0.0
2025,174,2.6089016609346336,0.023746447637677193,0.030508635565638542,0.037637557834386826,0.04842686653137207,0.03635035827755928,0.05736277252435684,0.08579133450984955,0.14028878509998322,0.0,0.0,0.0,0.0
2025,175,2.606198647726885,0.024564210325479507,0.031368233263492584,0.03837427496910095,0.049434006214141846,0.037249282002449036,0.0583740659058094,0.08629698306322098,0.14236754179000854,0.0,0.0,0.0,0.0
2025,176,2.601405197148703,0.023917190730571747,0.030573247000575066,0.0378776416182518,0.049107056111097336,0.03595707565546036,0.0566885769367218,0.08573515713214874,0.14259228110313416,0.0,0.0,0.0,0.0
2025,177,2.5976499536259454,0.02452070452272892,0.030795611441135406,0.03818558156490326,0.04907405748963356,0.03722119331359863,0.0566885769367218,0.08615652471780777,0.14135625958442688,0.0,0.0,0.0,0.0
2025,178,2.594561071370134,0.024216677993535995,0.030888404697179794,0.03828532621264458,0.04941905289888382,0.03679982200264931,0.05753132328391075,0.08699926733970642,0.1434069275856018,0.0,0.0,0.0,0.0
2025,179,2.59141196573955,0.02474544383585453,0.030967164784669876,0.038347598165273666,0.049596428871154785,0.03730546683073044,0.0566604882478714,0.08593179285526276,0.14292937517166138,0.0,0.0,0.0,0.0
2025,180,2.5878139008716374,0.024300839751958847,0.03092024102807045,0.03846115991473198,0.04938071593642235,0.0366593636572361,0.057250406593084335,0.08728018403053284,0.14267656207084656,0.0,0.0,0.0,0.0
2025,181,2.584905136291154,0.02423335239291191,0.030850712209939957,0.038105353713035583,0.04900369048118591,0.0366031788289547,0.05716613307595253,0.08598797768354416,0.14115960896015167,0.0,0.0,0.0,0.0
2025,182,2.58192621873297,0.02450375258922577,0.0312812477350235,0.03861995041370392,0.04965386167168617,0.03719310089945793,0.0582897923886776,0.08753300458192825,0.1434631198644638,0.0,0.0,0.0,0.0
2025,183,2.5781646775491485,0.025021564215421677,0.03131752088665962,0.03863846883177757,0.049672383815050125,0.03817630186676979,0.05786842107772827,0.08699926733970642,0.14287319779396057,0.0,0.0,0.0,0.0
2025,184,2.575032297898883,0.024193404242396355,0.031064925715327263,0.03838181495666504,0.04946688190102577,0.0366312712430954,0.05803696811199188,0.08716782182455063,0.1434912085533142,0.0,0.0,0.0,0.0
2025,185,2.573470180012115,0.024449050426483154,0.030927153304219246,0.038413070142269135,0.04942942410707474,0.03736164793372154,0.05747513845562935,0.08725209534168243,0.14304174482822418,0.0,0.0,0.0,0.0
2025,186,2.570406800178703,0.02456710673868656,0.03116326779127121,0.03867045417428017,0.049603383988142014,0.037445925176143646,0.05800887569785118,0.08798246830701828,0.143350750207901,0.0,0.0,0.0,0.0
2025,187,2.56802824055135,0.024654127657413483,0.031303636729717255,0.038861703127622604,0.04983343556523323,0.036912187933921814,0.05764368921518326,0.08775773644447327,0.1434069275856018,0.0,0.0,0.0,0.0
2025,188,2.565921522184261,0.024502485990524292,0.031268250197172165,0.03859356790781021,0.049522124230861664,0.03702455013990402,0.058093152940273285,0.08728018403053284,0.14264845848083496,0.0,0.0,0.0,0.0
2025,189,2.5635494053283363,0.024649953469634056,0.0312846302986145,0.038718998432159424,0.049722813069820404,0.03716500848531723,0.05781223624944687,0.08739255368709564,0.14298556745052338,0.0,0.0,0.0,0.0
2025,190,2.5615112971358616,0.024367783218622208,0.03097025863826275,0.0385122112929821,0.04947521537542343,0.03679982200264931,0.057222314178943634,0.08722399920225143,0.14290128648281097,0.0,0.0,0.0,0.0
2025,191,2.559658056328654,0.02456682175397873,0.03131881728768349,0.038643643260002136,0.049728501588106155,0.037417832762002945,0.058430250734090805,0.08750491589307785,0.14357547461986542,0.0,0.0,0.0,0.0
2025,192,2.5595234479659643,0.024581484496593475,0.03145405277609825,0.038798652589321136,0.04959222674369812,0.03699646145105362,0.058430250734090805,0.08772964775562286,0.14242373406887054,0.0,0.0,0.0,0.0
2025,193,2.5574421753928407,0.024656642228364944,0.031044714152812958,0.0386270135641098,0.04963047802448273,0.03736164793372154,0.057222314178943634,0.08739255368709564,0.1431822031736374,0.0,0.0,0.0,0.0
2025,194,2.556203355351601,0.024862831458449364,0.03138669207692146,0.03866422548890114,0.05007035657763481,0.037783022969961166,0.058093152940273285,0.08713972568511963,0.1448676884174347,0.0,0.0,0.0,0.0
2025,195,2.5547077523873725,0.024619726464152336,0.0312856025993824,0.03883741796016693,0.049932949244976044,0.03722119331359863,0.05800887569785118,0.08798246830701828,0.14430585503578186,0.0,0.0,0.0,0.0
2025,196,2.5553861706845673,0.024570273235440254,0.03122151829302311,0.03888680413365364,0.049927279353141785,0.03702455013990402,0.05769987031817436,0.0882352963089943,0.14422158896923065,0.0,0.0,0.0,0.0
2025,197,2.5542735660928786,0.024770883843302727,0.03149840608239174,0.03888777643442154,0.04997750744223595,0.03733355924487114,0.0582897923886776,0.08778583258390427,0.14394067227840424,0.0,0.0,0.0,0.0
2025,198,2.5539294550454246,0.024575697258114815,0.031160280108451843,0.03846965730190277,0.04969051852822304,0.037445925176143646,0.057896509766578674,0.08694308996200562,0.14363166689872742,0.0,0.0,0.0,0.0
2025,199,2.553360967340096,0.024372391402721405,0.030974427238106728,0.038703713566064835,0.04985861852765083,0.036743637174367905,0.05719422549009323,0.08792629092931747,0.14450250566005707,0.0,0.0,0.0,0.0
2025,200,2.5533144963093295,0.024573445320129395,0.03125612810254097,0.038762010633945465,0.049632053822278976,0.03736164793372154,0.05817742645740509,0.08806674182415009,0.143154114484787,0.0,0.0,0.0,0.0
2026,1,7.853269938676141,0.0019833738915622234,0.0033804140985012054,0.003461462212726474,0.003461462212726474,0.003427158808335662,0.007865610532462597,0.00817461684346199,0.00817461684346199,0.0,0.0,0.2981768548488617,0.7192708849906921
2026,2,6.581469239815366,0.0048952121287584305,0.0056884619407355785,0.007838659919798374,0.009801862761378288,0.007219506893306971,0.009691555984318256,0.018371818587183952,0.027726275846362114,0.0,0.0,0.0,0.3602725565433502
2026,3,5.843771167451393,0.00463572982698679,0.006076107267290354,0.0075764125213027,0.009739444591104984,0.007697061635553837,0.012079330161213875,0.01817517913877964,0.028597112745046616,0.0,0.0,0.0,0.3140215575695038
2026,4,5.34007556107041,0.0052350242622196674,0.006771531421691179,0.008537180721759796,0.012385565787553787,0.008062250912189484,0.012922074645757675,0.020057305693626404,0.03960896655917168,0.0,0.0,0.0,0.06468059122562408
2026,5,4.8269601820612404,0.005332174710929394,0.006752266548573971,0.009015682153403759,0.012606654316186905,0.00825889129191637,0.012781617231667042,0.021770885214209557,0.04019888862967491,0.0,0.0,0.0,0.0
2026,6,4.371497628498978,0.005331871099770069,0.006714626681059599,0.009349164552986622,0.013051916845142841,0.008118433877825737,0.012472610920667648,0.02300691045820713,0.04151918739080429,0.0,0.0,0.0,0.0
2026,7,4.033580669346447,0.005100319627672434,0.0065843588672578335,0.00920629408210516,0.01240547001361847,0.00766897015273571,0.012275970540940762,0.022557446733117104,0.038597673177719116,0.0,0.0,0.0,0.08569639921188354
2026,8,3.790204534968223,0.004883809480816126,0.006647588685154915,0.009175014682114124,0.01274164393544197,0.00758469570428133,0.01317489705979824,0.02348446473479271,0.0416596420109272,0.0,0.0,0.0,0.0
2026,9,3.6194970311745296,0.005382302682846785,0.0064995428547263145,0.00867350772023201,0.012544626370072365,0.008286982774734497,0.011770323850214481,0.020253947004675865,0.03986179083585739,0.0,0.0,0.0,0.0
2026,10,3.5021444534965855,0.005365028511732817,0.006619853898882866,0.008408581838011742,0.012240713462233543,0.00834316574037075,0.012275970540940762,0.019439294934272766,0.038429126143455505,0.0,0.0,0.0,0.0
2026,11,3.4330728723291766,0.005489701870828867,0.006754734553396702,0.008925980888307095,0.012866242788732052,0.008792628534138203,0.012753525748848915,0.021377606317400932,0.041097816079854965,0.0,0.0,0.0,0.0
2026,12,3.403007991239931,0.005397075321525335,0.006984055507928133,0.009341184981167316,0.012729879468679428,0.008286982774734497,0.01317489705979824,0.022445080801844597,0.039580874145030975,0.0,0.0,0.0,0.0
2026,13,3.389188821820917,0.005320580210536718,0.006819403730332851,0.008686580695211887,0.012729239650070667,0.008146525360643864,0.012922074645757675,0.02050676941871643,0.040929265320301056,0.0,0.0,0.0,0.0
2026,14,3.3833762222295185,0.005209870170801878,0.006468821316957474,0.008585338480770588,0.01196974702179432,0.00792179349809885,0.011882689781486988,0.020282037556171417,0.03747401386499405,0.0,0.0,0.0,0.0
2026,15,3.3693480099100173,0.005134138278663158,0.006403584964573383,0.008799880743026733,0.012484081089496613,0.007949884980916977,0.011938872747123241,0.021461879834532738,0.040086522698402405,0.0,0.0,0.0,0.0
2026,16,3.3581506108787216,0.005210889037698507,0.0071663097478449345,0.009048597887158394,0.012422661297023296,0.00783751904964447,0.013961458578705788,0.021433789283037186,0.03851339966058731,0.0,0.0,0.0,0.0
2026,17,3.3493804658151025,0.0052506220526993275,0.006568454205989838,0.008043271489441395,0.012266861274838448,0.00817461684346199,0.012332153506577015,0.01814708672463894,0.03946850821375847,0.0,0.0,0.0,0.0
2026,18,3.3391768896949756,0.005207153502851725,0.006746361497789621,0.008847562596201897,0.012559821829199791,0.008062250912189484,0.012893983162939548,0.02115287445485592,0.039749424904584885,0.0,0.0,0.0,0.0
2026,19,3.3308740553424747,0.00532408244907856,0.006640199571847916,0.009195721708238125,0.013062968850135803,0.008118433877825737,0.012247879058122635,0.022557446733117104,0.04216529056429863,0.0,0.0,0.0,0.0
2026,20,3.327619056148246,0.005856578703969717,0.007414663210511208,0.009470959194004536,0.01297575980424881,0.00949491560459137,0.014242373406887054,0.022473173215985298,0.040086522698402405,0.0,0.0,0.0,0.0
2026,21,3.319530757654373,0.005582201760262251,0.006971890572458506,0.009172895923256874,0.012907641008496284,0.008933085948228836,0.013343445956707,0.022248441353440285,0.041266363114118576,0.0,0.0,0.0,0.0
2026,22,3.3181346399098754,0.005344737321138382,0.006718677934259176,0.009382307529449463,0.012851033359766006,0.00825889129191637,0.012584976851940155,0.02334400825202465,0.04070453345775604,0.0,0.0,0.0,0.059490982443094254
2026,23,3.3143290115593254,0.005258878692984581,0.006748520769178867,0.009171395562589169,0.012638719752430916,0.007949884980916977,0.012669251300394535,0.02236080728471279,0.03972133249044418,0.0,0.0,0.0,0.0
2026,24,3.3142781717735423,0.005543613340705633,0.006940431427210569,0.009011749178171158,0.012883215211331844,0.00898926891386509,0.01342772040516138,0.021798977628350258,0.04129445552825928,0.0,0.0,0.0,0.0
2026,25,3.311475956166482,0.005108370911329985,0.006827245000749826,0.00882761925458908,0.012501747347414494,0.0077251531183719635,0.013118714094161987,0.021068599075078964,0.03969324007630348,0.0,0.0,0.0,0.0
2026,26,3.304081311592689,0.005177055951207876,0.006701929494738579,0.008624806068837643,0.012838353402912617,0.00775324460119009,0.012528793886303902,0.02016967162489891,0.04129445552825928,0.0,0.0,0.0,0.0
2026,27,3.3048767075043135,0.00518465181812644,0.006695699878036976,0.008830524049699306,0.01288107130676508,0.008062250912189484,0.012809708714485168,0.02132142335176468,0.04177200794219971,0.0,0.0,0.0,0.0
2026,28,3.3018054846327316,0.004811413586139679,0.006681181024760008,0.008813321590423584,0.012123237363994122,0.008062250912189484,0.014045733027160168,0.022641722112894058,0.039271868765354156,0.0,0.0,0.0,0.0
2026,29,3.299208067689347,0.005019371397793293,0.0065930611453950405,0.008777372539043427,0.012467962689697742,0.008062250912189484,0.013034440577030182,0.021939434111118317,0.04045170918107033,0.0,0.0,0.0,0.0
2026,30,3.2931161618586655,0.0053702048026025295,0.006675597280263901,0.00825232919305563,0.013165810145437717,0.00825889129191637,0.012360244989395142,0.018596550449728966,0.0433732233941555,0.0,0.0,0.0,0.0
2026,31,3.2898420930391383,0.005291671492159367,0.006360662169754505,0.00886946078389883,0.012665847316384315,0.008062250912189484,0.011348952539265156,0.021433789283037186,0.04053598642349243,0.0,0.0,0.0,0.0
2026,32,3.289687360024806,0.005237122531980276,0.00657560583204031,0.008654155768454075,0.012886262498795986,0.007949884980916977,0.012135513126850128,0.02047867886722088,0.04177200794219971,0.0,0.0,0.0,0.0
2026,33,3.287608399564921,0.00518465181812644,0.006684296764433384,0.00953267514705658,0.012454221956431866,0.008062250912189484,0.012753525748848915,0.02401820383965969,0.03882240504026413,0.0,0.0,0.0,0.0
2026,34,3.2881121677264833,0.004920856561511755,0.006644317414611578,0.008814089000225067,0.012703538872301579,0.0071352324448525906,0.012584976851940155,0.021209057420492172,0.04115399718284607,0.0,0.0,0.0,0.019056126475334167
2026,35,3.2860267001446766,0.005310137290507555,0.006636626552790403,0.008446751162409782,0.012244333513081074,0.008062250912189484,0.012219787575304508,0.019411202520132065,0.03848530724644661,0.0,0.0,0.0,0.0
2026,36,3.284623113238377,0.005018504336476326,0.0066749705001711845,0.009548421949148178,0.012761826626956463,0.007612787187099457,0.012865891680121422,0.02435530163347721,0.04070453345775604,0.0,0.0,0.0,0.0
2026,37,3.2805169684040725,0.005110721569508314,0.006777698174118996,0.00876055471599102,0.013164853677153587,0.0077251531183719635,0.012950166128575802,0.020956233143806458,0.043232765048742294,0.0,0.0,0.0,1.854036599979736e-05
2026,38,3.2774715169399533,0.005374927073717117,0.00681448495015502,0.009330670349299908,0.012662145309150219,0.008315074257552624,0.012809708714485168,0.023091183975338936,0.03988988324999809,0.0,0.0,0.0,0.017647620290517807
2026,39,3.28097758441158,0.005024701822549105,0.00678431149572134,0.009549898095428944,0.012449489906430244,0.007388055324554443,0.012837800197303295,0.02399011142551899,0.03862576559185982,0.0,0.0,0.0,0.0
2026,40,3.2737767326365277,0.005032254848629236,0.006628374103456736,0.008690589107573032,0.011963384225964546,0.007697061635553837,0.012697342783212662,0.02098432555794716,0.03747401386499405,0.0,0.0,0.0,0.11150738596916199
2026,41,3.2752006819695434,0.00496518611907959,0.00659940205514431,0.008135611191391945,0.012696666643023491,0.00750042125582695,0.012528793886303902,0.018624641001224518,0.04182819277048111,0.0,0.0,0.0,0.0
2026,42,3.2663965360355762,0.0048606740310788155,0.006698422599583864,0.009217307902872562,0.012679586187005043,0.008062250912189484,0.013849092647433281,0.023933928459882736,0.04135063663125038,0.0,0.0,0.0,0.0
2026,43,3.2669760637116014,0.005231339484453201,0.006877127569168806,0.00897193793207407,0.012678122147917747,0.008146525360643864,0.013287262991070747,0.021630428731441498,0.04050789400935173,0.0,0.0,0.0,0.0
2026,44,3.245585180969856,0.006671953946352005,0.009400317445397377,0.012299886904656887,0.017096880823373795,0.010759031400084496,0.019298836588859558,0.030788246542215347,0.055115457624197006,0.0,0.0,0.0,1.6854878595040645e-06
2026,45,3.2047643037299234,0.007500804495066404,0.009999046102166176,0.013042552396655083,0.019066859036684036,0.012051238678395748,0.01980448327958584,0.03196808695793152,0.06258778274059296,0.0,0.0,0.0,2.8091465082979994e-06
2026,46,3.1850831556899344,0.00751390028744936,0.010744165629148483,0.014010715298354626,0.01950014755129814,0.011966964229941368,0.022136075422167778,0.03519860655069351,0.06300915777683258,0.0,0.0,0.0,0.00019664026331156492
2026,47,3.1693190363576376,0.008364501409232616,0.011214087717235088,0.015253924764692783,0.020702311769127846,0.013483903370797634,0.02236080728471279,0.038401033729314804,0.06601494550704956,0.0,0.0,0.0,0.0
2026,48,3.1558656998169727,0.007707776967436075,0.010678406804800034,0.014411820098757744,0.020469149574637413,0.012725434266030788,0.02199561707675457,0.03682791069149971,0.06764425337314606,0.0,0.0,0.0,9.551097718940582e-06
2026,49,3.1473773867495147,0.008733636699616909,0.012475166469812393,0.015765998512506485,0.021770743653178215,0.014073824509978294,0.025731783360242844,0.03885049745440483,0.06935782730579376,0.0,0.0,0.0,0.0
2026,50,3.1487066353220046,0.00818465556949377,0.011610640212893486,0.01596788875758648,0.022656621411442757,0.012809708714485168,0.02351255714893341,0.040929265320301056,0.07475139200687408,0.0,0.0,0.0,0.0
2026,51,3.1365194191977723,0.008426542393863201,0.011441219598054886,0.015614337287843227,0.022342145442962646,0.013343445956707,0.02281027100980282,0.03952469304203987,0.07351536303758621,0.0,0.0,0.0,0.0
2026,52,3.1342963618949033,0.009438878856599331,0.012432870455086231,0.017147589474916458,0.02385454811155796,0.014860385097563267,0.024242935702204704,0.04303612560033798,0.07694252580404282,0.0,0.0,0.0,0.0
2026,53,3.1228744777751514,0.00942735094577074,0.01340888999402523,0.01771458424627781,0.024702198803424835,0.01525366585701704,0.027698185294866562,0.04480588808655739,0.08020113408565521,0.0,0.0,0.0,0.0
2026,54,3.112228307968531,0.009147854521870613,0.012670219875872135,0.01738329604268074,0.024602148681879044,0.014860385097563267,0.025928422808647156,0.04466542974114418,0.08118433505296707,0.0,0.0,0.0,0.0
2026,55,3.1039590893486735,0.010497918352484703,0.014492669142782688,0.019020380452275276,0.026290735229849815,0.016405416652560234,0.028906118124723434,0.04688465595245361,0.08357211202383041,0.0,0.0,0.0,0.0
2026,56,3.1322530528955292,0.00918577890843153,0.012680860236287117,0.01731746457517147,0.024476684629917145,0.014439013786613941,0.025450868532061577,0.04387886822223663,0.0799202173948288,0.0,0.0,0.0,0.0
2026,57,3.148349940213758,0.010525243356823921,0.01458522118628025,0.019086454063653946,0.026117008179426193,0.016798697412014008,0.029411764815449715,0.04739030450582504,0.08295410126447678,0.0,0.0,0.0,0.0
2026,58,3.1144987359220684,0.010288401506841183,0.014030184596776962,0.018491484224796295,0.025999698787927628,0.016573965549468994,0.028231922537088394,0.04607000574469566,0.08404966443777084,0.0,0.0,0.0,0.0
2026,59,3.1029714900955017,0.011711313389241695,0.015767592936754227,0.020574001595377922,0.027862900868058205,0.019270746037364006,0.03182763233780861,0.05095791816711426,0.08781392127275467,0.0,0.0,0.0,0.0
2026,60,3.092618594124571,0.010376198217272758,0.01452319510281086,0.01963396929204464,0.026990573853254318,0.016882970929145813,0.029917411506175995,0.05022754147648811,0.08756110072135925,0.0,0.0,0.0,5.618293243969674e-07
2026,61,3.089105588382716,0.01255375612527132,0.016587305814027786,0.021230246871709824,0.02892204374074936,0.019888758659362793,0.03255800902843475,0.05104219168424606,0.089976966381073,0.0,0.0,0.0,0.0
2026,62,3.0810359708371595,0.01135336235165596,0.015583607368171215,0.020330533385276794,0.027902722358703613,0.01814708672463894,0.03135007619857788,0.05019944906234741,0.0884319320321083,0.0,0.0,0.0,8.427438842772972e-06
2026,63,3.0807919656699485,0.011093699373304844,0.014895678497850895,0.02041071280837059,0.028522096574306488,0.017613349482417107,0.02952413074672222,0.051435474306344986,0.09242092072963715,0.0,0.0,0.0,5.618293243969674e-07
2026,64,3.074397657242542,0.011338922195136547,0.015873728320002556,0.021544810384511948,0.029117586091160774,0.017950447276234627,0.03213663771748543,0.05463790148496628,0.09298275411128998,0.0,0.0,0.0,0.0
2026,65,3.0700360740888133,0.012030449695885181,0.016690541058778763,0.021809030324220657,0.029801081866025925,0.019551660865545273,0.034103039652109146,0.05449744313955307,0.0950896143913269,0.0,0.0,0.0,0.0
2026,66,3.0670590075725808,0.012169431895017624,0.016185561195015907,0.021527674049139023,0.029247025027871132,0.01935501955449581,0.031911905854940414,0.05320523679256439,0.09242092072963715,0.0,0.0,0.0,0.0
2026,67,3.06022180429837,0.013047894462943077,0.016940006986260414,0.021992173045873642,0.030089307576417923,0.020562952384352684,0.032754648476839066,0.05298050493001938,0.09393785893917084,0.0,0.0,0.0,0.00016798696015030146
2026,68,3.066131732724456,0.011288026347756386,0.015408600680530071,0.021127698943018913,0.029363756999373436,0.018287545070052147,0.031125344336032867,0.05399179831147194,0.09581998735666275,0.0,0.0,0.0,0.0
2026,69,3.0549143506126044,0.012349627912044525,0.0171535462141037,0.022506823763251305,0.030728129670023918,0.019214563071727753,0.03415922075510025,0.05553682893514633,0.09719647467136383,0.0,0.0,0.0,0.0
2026,70,3.0479441615734024,0.010901662521064281,0.015193549916148186,0.020997239276766777,0.02895203046500683,0.017866171896457672,0.03129389137029648,0.05446935072541237,0.09483678638935089,0.0,0.0,0.0,0.0
2026,71,3.0421403393893427,0.011337772011756897,0.015531296841800213,0.020456364378333092,0.029275642707943916,0.018118996173143387,0.03118152730166912,0.05084555223584175,0.09559525549411774,0.0,0.0,0.0,0.0
2026,72,3.0390302018437145,0.01351270079612732,0.01787925511598587,0.023048488423228264,0.031047550961375237,0.021293330937623978,0.0349457822740078,0.05548064410686493,0.09590426087379456,0.0,0.0,0.0,0.0
2026,73,3.031241742222898,0.012769940309226513,0.01737654209136963,0.02258429117500782,0.030549393966794014,0.02016967162489891,0.03455250337719917,0.05522782355546951,0.09567952901124954,0.0,0.0,0.0,0.0
2026,74,3.02759813200607,0.012943941168487072,0.017396388575434685,0.023029055446386337,0.031473174691200256,0.020534861832857132,0.034412045031785965,0.056772854179143906,0.09958424419164658,0.0,0.0,0.0,0.0
2026,75,3.023837345010034,0.014613687060773373,0.019139094278216362,0.02474369667470455,0.032790325582027435,0.023259732872247696,0.03736164793372154,0.05969436466693878,0.10039889812469482,0.0,0.0,0.0,0.0
2026,76,3.0161675727962645,0.0139023931697011,0.018488600850105286,0.023816721513867378,0.03226616978645325,0.022304624319076538,0.0366874560713768,0.05781223624944687,0.10056744515895844,0.0,0.0,0.0,0.0
2026,77,3.012874809193064,0.013953969813883305,0.018936868757009506,0.024566464126110077,0.03319894149899483,0.021068599075078964,0.036575090140104294,0.058935895562171936,0.10267430543899536,0.0,0.0,0.0,0.0
2026,78,3.0046893086349753,0.013007615692913532,0.017540477216243744,0.023384973406791687,0.03177777677774429,0.02031012997031212,0.03446822986006737,0.05767177790403366,0.10037080943584442,0.0,0.0,0.0,0.0
2026,79,3.0011355864052507,0.012434476055204868,0.01703060232102871,0.02302093245089054,0.03133967146277428,0.01966402679681778,0.03399067372083664,0.05781223624944687,0.0999494343996048,0.0,0.0,0.0,1.1236586487939348e-06
2026,80,3.000005280279759,0.013443262316286564,0.018265103921294212,0.02407154254615307,0.03301085904240608,0.021602336317300797,0.0366874560713768,0.05969436466693878,0.10489353537559509,0.0,0.0,0.0,0.0
2026,81,2.99429173282927,0.01455509103834629,0.01922525465488434,0.024949634447693825,0.03370128199458122,0.023400191217660904,0.037923477590084076,0.06067756563425064,0.1049497127532959,0.0,0.0,0.0,0.0
2026,82,2.989197045041804,0.013027787208557129,0.017885616049170494,0.023911237716674805,0.03267616406083107,0.020787684246897697,0.03598516806960106,0.0600033700466156,0.10447216033935547,0.0,0.0,0.0,0.0
2026,83,2.983691545311417,0.01316914614289999,0.01823798008263111,0.024166831746697426,0.032998356968164444,0.020534861832857132,0.03635035827755928,0.05983482301235199,0.10472498089075089,0.0,0.0,0.0,8.989269190351479e-06
2026,84,2.9808396713936376,0.013960827142000198,0.018687980249524117,0.02449372038245201,0.033642690628767014,0.022613629698753357,0.037389740347862244,0.060424741357564926,0.1067194789648056,0.0,0.0,0.0,0.0
2026,85,2.981737629122097,0.014660261571407318,0.019905516877770424,0.02593798190355301,0.034437086433172226,0.022950727492570877,0.03929996117949486,0.063261978328228,0.10641047358512878,0.0,0.0,0.0,0.0
2026,86,2.976392038116249,0.014472467824816704,0.01954823173582554,0.02547266334295273,0.03432327136397362,0.023400191217660904,0.039243776351213455,0.06289679557085037,0.10764649510383606,0.0,0.0,0.0,0.0
2026,87,2.9756022355495353,0.013986707665026188,0.01894139125943184,0.025046639144420624,0.033818379044532776,0.02281027100980282,0.0382886677980423,0.06261587888002396,0.10711275786161423,0.0,0.0,0.0,0.0
2026,88,2.973690334119295,0.014629601500928402,0.01963171549141407,0.025257743895053864,0.034422993659973145,0.022641722112894058,0.03823248669505119,0.06067756563425064,0.10688802599906921,0.0,0.0,0.0,3.932804702344583e-06
2026,89,2.9667146807579217,0.014267534017562866,0.0195693951100111,0.02557922713458538,0.03457188606262207,0.02236080728471279,0.03885049745440483,0.06278442591428757,0.1084049642086029,0.0,0.0,0.0,0.0
2026,90,2.9575650177182133,0.014800740405917168,0.020135752856731415,0.025819096714258194,0.03456299751996994,0.02348446473479271,0.04014270380139351,0.06278442591428757,0.10711275786161423,0.0,0.0,0.0,0.0
2026,91,2.9589551621281345,0.015394949354231358,0.020325416699051857,0.026247747242450714,0.03514367714524269,0.023962020874023438,0.03929996117949486,0.06286869943141937,0.10784313827753067,0.0,0.0,0.0,0.0
2026,92,2.9504155491688633,0.014386468566954136,0.01928635872900486,0.025306344032287598,0.03442954272031784,0.02286645397543907,0.03817630186676979,0.062082137912511826,0.1083487868309021,0.0,0.0,0.0,0.0
2026,93,2.9477926195070006,0.014638559892773628,0.020084111019968987,0.025782132521271706,0.0347171276807785,0.023287825286388397,0.040255069732666016,0.06298106908798218,0.1083206906914711,0.0,0.0,0.0,0.0
2026,94,2.9416563366106163,0.014994371682405472,0.02037988416850567,0.026610247790813446,0.03587069734930992,0.023765379562973976,0.040592167526483536,0.06536883860826492,0.11228159070014954,0.0,0.0,0.0,0.0
2026,95,2.936149433717715,0.016117969527840614,0.021210473030805588,0.027368387207388878,0.036059338599443436,0.02483285591006279,0.04067644104361534,0.0651160180568695,0.10907915979623795,0.0,0.0,0.0,0.0
2026,96,2.933105637670046,0.01630254276096821,0.021949876099824905,0.02756389044225216,0.03678435459733009,0.025872239843010902,0.04351368173956871,0.06576212495565414,0.11239395290613174,0.0,0.0,0.0,0.0
2026,97,2.93038272728965,0.015782658010721207,0.021236054599285126,0.027524342760443687,0.03676667809486389,0.024692397564649582,0.0417158268392086,0.06682959944009781,0.11362998187541962,0.0,0.0,0.0,0.0
2026,98,2.926191523329288,0.016618505120277405,0.021457940340042114,0.0277699064463377,0.03705401346087456,0.026939716190099716,0.04199673980474472,0.06719478964805603,0.11410753428936005,0.0,0.0,0.0,0.0
2026,99,2.921311149069494,0.01597662642598152,0.021342497318983078,0.02744506485760212,0.03676493093371391,0.024860946461558342,0.0416877344250679,0.06590257585048676,0.1132647916674614,0.0,0.0,0.0,0.0
2026,100,2.9191798735887575,0.015531264245510101,0.02095050737261772,0.027172256261110306,0.03647785261273384,0.024046294391155243,0.04098545014858246,0.06576212495565414,0.11304005980491638,0.0,0.0,0.0,0.0
2026,101,2.9144882476925047,0.015314348042011261,0.02070879377424717,0.026711296290159225,0.03564583137631416,0.024580033496022224,0.041406821459531784,0.06522838026285172,0.11048373579978943,0.0,0.0,0.0,0.0
2026,102,2.9092111622917187,0.01656363159418106,0.02167373150587082,0.027812883257865906,0.03707706555724144,0.02567560039460659,0.0416877344250679,0.06612730771303177,0.11306814849376678,0.0,0.0,0.0,0.0
2026,103,2.903369835031177,0.01588691957294941,0.02125447802245617,0.027808479964733124,0.03720466420054436,0.025198044255375862,0.042081017047166824,0.06812180578708649,0.11573684215545654,0.0,0.0,0.0,0.0
2026,104,2.899679618325793,0.016065144911408424,0.021279552951455116,0.027678683400154114,0.036996014416217804,0.025198044255375862,0.04146300256252289,0.06691387295722961,0.11421989649534225,0.0,0.0,0.0,0.0
2026,105,2.8965008213774235,0.016496606171131134,0.022425830364227295,0.028653621673583984,0.03821482136845589,0.026209337636828423,0.04469352215528488,0.06947019696235657,0.11792797595262527,0.0,0.0,0.0,1.1236586487939348e-06
2026,106,2.892436794262988,0.015479437075555325,0.021017029881477356,0.02708427421748638,0.036538057029247284,0.024383392184972763,0.0416596420109272,0.06576212495565414,0.11365807056427002,0.0,0.0,0.0,2.8091465082979994e-06
2026,107,2.887804348620004,0.015948936343193054,0.021908260881900787,0.028209639713168144,0.03734305128455162,0.025085678324103355,0.04371032118797302,0.06873981654644012,0.11511882394552231,0.0,0.0,0.0,0.0
2026,108,2.8812471710235967,0.016692692413926125,0.022691866382956505,0.028886616230010986,0.03831275925040245,0.026209337636828423,0.044946346431970596,0.06961065530776978,0.11742232739925385,0.0,0.0,0.0,0.0
2026,109,2.879421145970683,0.01743418723344803,0.02281302772462368,0.029220566153526306,0.03854217007756233,0.027445362880825996,0.04410360008478165,0.06958255916833878,0.11688859015703201,0.0,0.0,0.0,0.0
2026,110,2.8748561460801305,0.0169485192745924,0.022372880950570107,0.028775464743375778,0.03823438286781311,0.02649025246500969,0.0433451309800148,0.06885218620300293,0.1167200431227684,0.0,0.0,0.0,0.0
2026,111,2.871530727175405,0.01652710512280464,0.021837275475263596,0.028369493782520294,0.03784782066941261,0.02581605687737465,0.04239002242684364,0.0683465376496315,0.11635485291481018,0.0,0.0,0.0,0.0
2026,112,2.8681461405657562,0.017645692452788353,0.023488176986575127,0.029423793777823448,0.03890988230705261,0.027557728812098503,0.04578908905386925,0.06935782730579376,0.11747851222753525,0.0,0.0,0.0,0.0
2026,113,2.8636563081651243,0.01750737428665161,0.02318810671567917,0.02963775210082531,0.03911803662776947,0.027529636397957802,0.04533962532877922,0.07109949737787247,0.11910781264305115,0.0,0.0,0.0,0.0
2026,114,2.8618527771490307,0.016340022906661034,0.02156338281929493,0.028084658086299896,0.038341715931892395,0.026096971705555916,0.042418114840984344,0.0683465376496315,0.1200629249215126,0.0,0.0,0.0,0.0
2026,115,2.8560255854396845,0.01738952100276947,0.023101428523659706,0.029388895258307457,0.03901182860136032,0.026939716190099716,0.04472161456942558,0.06975110620260239,0.11848980188369751,0.0,0.0,0.0,0.0
2026,116,2.8509430245027527,0.017504053190350533,0.02332479879260063,0.029677748680114746,0.039466068148612976,0.027782458811998367,0.04598572850227356,0.07132422924041748,0.12096185237169266,0.0,0.0,0.0,5.618293243969674e-07
2026,117,2.8477940504689285,0.017499221488833427,0.023325758054852486,0.02985677309334278,0.03971855714917183,0.02797910012304783,0.04615427926182747,0.07208269834518433,0.12208551168441772,0.0,0.0,0.0,0.0
2026,118,2.8437978706540044,0.01705997623503208,0.02300984039902687,0.029526857659220695,0.03945626690983772,0.027052082121372223,0.04553626477718353,0.07146468758583069,0.12180459499359131,0.0,0.0,0.0,0.0
2026,119,2.837083375405686,0.017054829746484756,0.02251707948744297,0.028775852173566818,0.03859774023294449,0.02719253860414028,0.04421596601605415,0.06902073323726654,0.11885499209165573,0.0,0.0,0.0,0.0
2026,120,2.8333444624294635,0.018304357305169106,0.024011118337512016,0.030718574300408363,0.04051938280463219,0.02884993515908718,0.0466318316757679,0.0733749121427536,0.12304062396287918,0.0,0.0,0.0,0.0
2026,121,2.830610372116048,0.018564172089099884,0.02441657893359661,0.030772345140576363,0.04055522754788399,0.028737569227814674,0.04688465595245361,0.07213888317346573,0.1216641366481781,0.0,0.0,0.0,0.0
2026,122,2.823752090515878,0.019169345498085022,0.024660438299179077,0.031095826998353004,0.04107767343521118,0.029917411506175995,0.04699702188372612,0.07267262041568756,0.123321533203125,0.0,0.0,0.0,0.0
2026,123,2.8194856190005777,0.01904265396296978,0.025142919272184372,0.03166872262954712,0.04161270335316658,0.029776953160762787,0.04885105788707733,0.07483566552400589,0.12537221610546112,0.0,0.0,0.0,0.0
2026,124,2.8146334132041364,0.019393175840377808,0.025073722004890442,0.031726859509944916,0.04201103374361992,0.03014214336872101,0.04783976450562477,0.07424574345350266,0.12624303996562958,0.0,0.0,0.0,0.0
2026,125,2.8103858079665747,0.01816277951002121,0.024281350895762444,0.031154416501522064,0.04123002663254738,0.028372380882501602,0.04744648560881615,0.07480757683515549,0.12579359114170074,0.0,0.0,0.0,0.0
2026,126,2.8062816110217135,0.019141241908073425,0.02489723451435566,0.03152895346283913,0.041831642389297485,0.02969267964363098,0.04764312505722046,0.07410528510808945,0.12635540962219238,0.0,0.0,0.0,0.0
2026,127,2.8013429767207096,0.019585510715842247,0.025558460503816605,0.03251674771308899,0.04222845658659935,0.0300016850233078,0.04865441843867302,0.07635260373353958,0.12568122148513794,0.0,0.0,0.0,0.0
2026,128,2.796612017550449,0.020585138350725174,0.02680392749607563,0.03356941044330597,0.043240584433078766,0.03179953992366791,0.05112646892666817,0.07803808897733688,0.12705770134925842,0.0,0.0,0.0,0.0
2026,129,2.7913997234442296,0.0192196574062109,0.025469724088907242,0.031902510672807693,0.04203162342309952,0.03019832633435726,0.04966571182012558,0.07528512924909592,0.126580148935318,0.0,0.0,0.0,0.0
2026,130,2.7893733656519015,0.020205006003379822,0.02633296512067318,0.032951220870018005,0.043052222579717636,0.03146244212985039,0.05053654685616493,0.07694252580404282,0.1281813532114029,0.0,0.0,0.0,0.0
2026,131,2.7827936805050704,0.01893674023449421,0.025206688791513443,0.03187716752290726,0.04217727854847908,0.0300297774374485,0.04960952699184418,0.07612787187099457,0.1284060925245285,0.0,0.0,0.0,0.0
2026,132,2.7787249850840703,0.019039787352085114,0.025174075737595558,0.03211820125579834,0.04250927269458771,0.0300297774374485,0.04916006699204445,0.0767458826303482,0.12947356700897217,0.0,0.0,0.0,0.0
2026,133,2.775312610965991,0.019556447863578796,0.025746028870344162,0.03288409113883972,0.04301302880048752,0.030254509299993515,0.04955334588885307,0.07792572677135468,0.12924882769584656,0.0,0.0,0.0,0.0
2026,134,2.768401498575764,0.020318618044257164,0.02633240446448326,0.033015646040439606,0.04349369555711746,0.03205236420035362,0.05078937113285065,0.07739198952913284,0.13051295280456543,0.0,0.0,0.0,0.0
2026,135,2.764672872669462,0.020219190046191216,0.026419110596179962,0.033378131687641144,0.04382307827472687,0.03182763233780861,0.051098376512527466,0.07882465422153473,0.1318332552909851,0.0,0.0,0.0,0.0
2026,136,2.760184354949416,0.019690752029418945,0.02577185444533825,0.03280939906835556,0.04337663948535919,0.03064779005944729,0.04952525347471237,0.07767290621995926,0.13115905225276947,0.0,0.0,0.0,0.0
2026,137,2.7557416406237643,0.021348707377910614,0.027606219053268433,0.034216925501823425,0.04471849277615547,0.03297938033938408,0.052446767687797546,0.07876846939325333,0.13191752135753632,0.0,0.0,0.0,0.0
2026,138,2.751669606699152,0.021476157009601593,0.02741888165473938,0.03436211124062538,0.045174747705459595,0.0332883857190609,0.05185684561729431,0.07949884980916977,0.13424912095069885,0.0,0.0,0.0,0.0
2026,139,2.7466223001801855,0.020911263301968575,0.027484286576509476,0.03442174196243286,0.04488165304064751,0.03199617937207222,0.052446767687797546,0.08011686056852341,0.1331535428762436,0.0,0.0,0.0,0.0
2026,140,2.7413195067571725,0.02061147429049015,0.027114681899547577,0.03399399667978287,0.044400233775377274,0.031911905854940414,0.05216585099697113,0.07958312332630157,0.13228271901607513,0.0,0.0,0.0,0.0
2026,141,2.7369975535332274,0.020699750632047653,0.02703394927084446,0.034267835319042206,0.04452117532491684,0.03202427178621292,0.05180066451430321,0.08056632429361343,0.13245126605033875,0.0,0.0,0.0,1.6854878595040645e-06
2026,142,2.7310162900108716,0.021050991490483284,0.027363058179616928,0.03477676957845688,0.04513810575008392,0.03236136958003044,0.052053485065698624,0.08154952526092529,0.13419292867183685,0.0,0.0,0.0,0.0
2026,143,2.7282317148046453,0.02129277214407921,0.02748478204011917,0.03479025140404701,0.04554746672511101,0.03297938033938408,0.05227821692824364,0.08126860857009888,0.13587841391563416,0.0,0.0,0.0,1.1236586487939348e-06
2026,144,2.7229818873077267,0.020868796855211258,0.027596693485975266,0.03464043512940407,0.04509438946843147,0.03250182420015335,0.053373783826828,0.08140906691551208,0.13441766798496246,0.0,0.0,0.0,0.0
2026,145,2.718990320457942,0.02213211916387081,0.028415532782673836,0.03554696962237358,0.04656844958662987,0.03429967910051346,0.05382324755191803,0.08227990567684174,0.1381538361310959,0.0,0.0,0.0,0.0
2026,146,2.714218857156442,0.02121625281870365,0.027648648247122765,0.034784890711307526,0.04532425105571747,0.033091746270656586,0.05312096327543259,0.08149334043264389,0.1348952203989029,0.0,0.0,0.0,0.0
2026,147,2.710011403409415,0.022518660873174667,0.02879178151488304,0.035922709852457047,0.04651113972067833,0.034412045031785965,0.05396370589733124,0.08233608305454254,0.13613124191761017,0.0,0.0,0.0,0.0
2026,148,2.706346130242393,0.022247329354286194,0.028455927968025208,0.035874806344509125,0.046703845262527466,0.03463677689433098,0.05396370589733124,0.08348783850669861,0.1383504718542099,0.0,0.0,0.0,0.0
2026,149,2.7011750198086264,0.02255297638475895,0.028961818665266037,0.036079488694667816,0.046828266233205795,0.03460868448019028,0.05463790148496628,0.08303837478160858,0.13759200274944305,0.0,0.0,0.0,0.0
2026,150,2.6979027750038425,0.022084176540374756,0.028517773374915123,0.03552040457725525,0.046668730676174164,0.034103039652109146,0.05404797941446304,0.08185853064060211,0.1382100135087967,0.0,0.0,0.0,0.0
2026,151,2.693385523179604,0.023022230714559555,0.029708007350564003,0.03698481619358063,0.047546759247779846,0.03514242544770241,0.055930107831954956,0.0848924070596695,0.1383785605430603,0.0,0.0,0.0,0.0
2026,152,2.6869855528740105,0.02372133359313011,0.02995419129729271,0.03709011524915695,0.047623224556446075,0.03587280213832855,0.05522782355546951,0.08357211202383041,0.13697399199008942,0.0,0.0,0.0,1.1236586487939348e-06
2026,153,2.683663947701293,0.022330092266201973,0.028950635343790054,0.03650512546300888,0.047105830162763596,0.03427158668637276,0.05486263334751129,0.0849205031991005,0.13868756592273712,0.0,0.0,0.0,0.0
2026,154,2.678878086620336,0.022743508219718933,0.029123730957508087,0.03690974786877632,0.047577232122421265,0.03488960117101669,0.05469408258795738,0.08579133450984955,0.13981123268604279,0.0,0.0,0.0,0.0
2026,155,2.6746694485024722,0.02397054433822632,0.03039761260151863,0.03755979612469673,0.048534564673900604,0.03651890531182289,0.05646384507417679,0.0849766805768013,0.14051350951194763,0.0,0.0,0.0,5.618293243969674e-07
2026,156,2.670452904282955,0.022755447775125504,0.02922699600458145,0.03630511090159416,0.04718323424458504,0.034580595791339874,0.05469408258795738,0.08286982774734497,0.13781672716140747,0.0,0.0,0.0,0.0
2026,157,2.665024743228145,0.02231156826019287,0.028892144560813904,0.03648930415511131,0.04736246168613434,0.0349457822740078,0.05545255169272423,0.08559469878673553,0.14068205654621124,0.0,0.0,0.0,0.0
2026,158,2.6612414470729235,0.02352120913565159,0.030049802735447884,0.03722985088825226,0.04807232320308685,0.03632226586341858,0.05654812231659889,0.08514523506164551,0.1400359570980072,0.0,0.0,0.0,0.0
2026,159,2.6577105358062,0.023646114394068718,0.030233021825551987,0.037601619958877563,0.04846211150288582,0.03598516806960106,0.05654812231659889,0.08587560802698135,0.14104725420475006,0.0,0.0,0.0,0.0
2026,160,2.6529992022495037,0.023320185020565987,0.030166668817400932,0.037436142563819885,0.048735495656728745,0.03567616268992424,0.05688522011041641,0.08581943064928055,0.14295746386051178,0.0,0.0,0.0,0.0
2026,161,2.6481723740355045,0.024110186845064163,0.030421040952205658,0.03807982802391052,0.0486631914973259,0.036743637174367905,0.056435756385326385,0.08683072030544281,0.14045733213424683,0.0,0.0,0.0,0.0
2026,162,2.6440983059917866,0.022630617022514343,0.029518527910113335,0.037154894322156906,0.04817402362823486,0.03435586392879486,0.055761560797691345,0.08607225120067596,0.14194618165493011,0.0,0.0,0.0,0.0
2026,163,2.638562515518765,0.02357436716556549,0.030471352860331535,0.037922292947769165,0.04904099181294441,0.03595707565546036,0.05747513845562935,0.08713972568511963,0.1434631198644638,0.0,0.0,0.0,0.0
2026,164,2.63481387435666,0.023134905844926834,0.029637662693858147,0.03707559034228325,0.04795106127858162,0.03604134917259216,0.056267205625772476,0.08576324582099915,0.14079442620277405,0.0,0.0,0.0,0.0
2026,165,2.6314033821687683,0.023931093513965607,0.030559001490473747,0.0381399504840374,0.04929555580019951,0.036575090140104294,0.057222314178943634,0.08733636885881424,0.14377212524414062,0.0,0.0,0.0,5.618293243969674e-07
2026,166,2.6259738909892545,0.02402518317103386,0.030995771288871765,0.03850235044956207,0.049304213374853134,0.036912187933921814,0.05865497887134552,0.08860048651695251,0.143350750207901,0.0,0.0,0.0,0.0
2026,167,2.6211401988298464,0.02407700940966606,0.030969606712460518,0.038312263786792755,0.049376361072063446,0.03651890531182289,0.05798078700900078,0.08719591051340103,0.1431822031736374,0.0,0.0,0.0,5.618293243969674e-07
2026,168,2.617503082221336,0.024322403594851494,0.030702196061611176,0.03852483630180359,0.04955106973648071,0.037417832762002945,0.057222314178943634,0.0882352963089943,0.14405304193496704,0.0,0.0,0.0,0.0
2026,169,2.613577442130579,0.02415749989449978,0.030580300837755203,0.038597118109464645,0.04945049062371254,0.03730546683073044,0.057250406593084335,0.08913422375917435,0.14410921931266785,0.0,0.0,0.0,5.618293243969674e-07
2026,170,2.6092831036339885,0.02441851608455181,0.0312764048576355,0.03879493102431297,0.04961545020341873,0.03719310089945793,0.05862689018249512,0.08854430168867111,0.1434350311756134,0.0,0.0,0.0,0.0
2026,171,2.60416823392294,0.024183936417102814,0.031062697991728783,0.03853350877761841,0.049449361860752106,0.0366312712430954,0.05798078700900078,0.08775773644447327,0.14301365613937378,0.0,0.0,0.0,0.0
2026,172,2.601690036565186,0.024681778624653816,0.03137867525219917,0.03895365819334984,0.050003234297037125,0.03781111165881157,0.05871116369962692,0.08885330706834793,0.1447834074497223,0.0,0.0,0.0,1.1236586487939348e-06
2026,173,2.5968922893045403,0.02439526654779911,0.031376879662275314,0.038743969053030014,0.04998874291777611,0.037052642554044724,0.05885162204504013,0.08806674182415009,0.1450362354516983,0.0,0.0,0.0,2.8091465082979994e-06
2026,174,2.592537487084084,0.02438085526227951,0.031027456745505333,0.03864787146449089,0.049567293375730515,0.037249282002449036,0.05795269459486008,0.0882352963089943,0.1435192972421646,0.0,0.0,0.0,0.0
2026,175,2.5888939930198966,0.024411387741565704,0.03132012113928795,0.03909796476364136,0.049776382744312286,0.036912187933921814,0.0583740659058094,0.08933085948228836,0.1434631198644638,0.0,0.0,0.0,1.1236586487939348e-06
2026,176,2.5855914700208245,0.024770444259047508,0.03159897029399872,0.03931654244661331,0.05028941109776497,0.03761447221040726,0.05887971073389053,0.08955559134483337,0.1451486051082611,0.0,0.0,0.0,0.0
2026,177,2.5809477109175463,0.024996116757392883,0.03164643794298172,0.03934802860021591,0.05029405280947685,0.03803584352135658,0.05887971073389053,0.08958368748426437,0.14523287117481232,0.0,0.0,0.0,0.0
2026,178,2.5776551188084116,0.02439526841044426,0.03140505030751228,0.039115458726882935,0.050298381596803665,0.03694027662277222,0.05868307128548622,0.08924658596515656,0.14601944386959076,0.0,0.0,0.0,0.0
2026,179,2.5740618348604274,0.024413185194134712,0.031224088743329048,0.03905240446329117,0.0500752218067646,0.03722119331359863,0.058430250734090805,0.08958368748426437,0.14554189145565033,0.0,0.0,0.0,0.0
2026,180,2.570136572507068,0.02456926554441452,0.031316664069890976,0.03919542208313942,0.04995028302073479,0.03761447221040726,0.058739256113767624,0.0900050550699234,0.14458677172660828,0.0,0.0,0.0,0.0
2026,181,2.5667670728706637,0.024548141285777092,0.03138618916273117,0.039389364421367645,0.05052700638771057,0.036912187933921814,0.058233607560396194,0.0900050550699234,0.1465812623500824,0.0,0.0,0.0,1.6854878595040645e-06
2026,182,2.564250962454298,0.024652253836393356,0.03152758255600929,0.039170779287815094,0.0502408929169178,0.03733355924487114,0.05865497887134552,0.08907803893089294,0.14520478248596191,0.0,0.0,0.0,1.6854878595040645e-06
2026,183,2.5609545595089274,0.025039909407496452,0.031599752604961395,0.03959185630083084,0.05040523037314415,0.03814820945262909,0.05868307128548622,0.09053879231214523,0.14540143311023712,0.0,0.0,0.0,0.0
2026,184,2.558670530113292,0.02497730776667595,0.03165550157427788,0.03937683627009392,0.05048026144504547,0.038597673177719116,0.05935726687312126,0.0900331512093544,0.14613179862499237,0.0,0.0,0.0,3.370975719008129e-06
2026,185,2.555608346555558,0.024525705724954605,0.031585365533828735,0.0395519845187664,0.05063050612807274,0.03696836903691292,0.05896398797631264,0.09073543548583984,0.14703072607517242,0.0,0.0,0.0,1.6854878595040645e-06
2026,186,2.5523994744387073,0.024953056126832962,0.0317113883793354,0.03952828049659729,0.05049498751759529,0.03797966241836548,0.05910444259643555,0.0901174247264862,0.14562615752220154,0.0,0.0,0.0,0.0
2026,187,2.5494856445091134,0.024539167061448097,0.03149007260799408,0.03954712674021721,0.050348952412605286,0.03747401386499405,0.059076353907585144,0.09107252955436707,0.14587898552417755,0.0,0.0,0.0,1.6854878595040645e-06
2026,188,2.5480270713929705,0.024841638281941414,0.03193369507789612,0.03976837173104286,0.05052364245057106,0.03789538890123367,0.0600033700466156,0.09118489921092987,0.14576661586761475,0.0,0.0,0.0,2.2473172975878697e-06
2026,189,2.5451484099734327,0.02539791911840439,0.03218162804841995,0.03994981572031975,0.050883013755083084,0.038316760212183,0.05946963280439377,0.09037024527788162,0.14585089683532715,0.0,0.0,0.0,3.370975719008129e-06
2026,190,2.543562226289036,0.02518896944820881,0.032079800963401794,0.03997061774134636,0.05061410740017891,0.0382886677980423,0.059750549495220184,0.09118489921092987,0.1452609747648239,0.0,0.0,0.0,2.8091465082979994e-06
2026,191,2.5422834458782284,0.025141017511487007,0.031969744712114334,0.03964303061366081,0.05090745538473129,0.03820439428091049,0.059553906321525574,0.0900331512093544,0.14714309573173523,0.0,0.0,0.0,5.618293243969674e-07
2026,192,2.5401448003354505,0.024964725598692894,0.031980473548173904,0.03988180309534073,0.050842516124248505,0.037754930555820465,0.05963818356394768,0.09110062569379807,0.1466374546289444,0.0,0.0,0.0,5.618293243969674e-07
2026,193,2.5398485486806646,0.025224562734365463,0.03201302886009216,0.03985686972737312,0.05076882243156433,0.03854149207472801,0.05980673059821129,0.09101635217666626,0.14627225697040558,0.0,0.0,0.0,5.618293243969674e-07
2026,194,2.5375938354394374,0.025101298466324806,0.032060448080301285,0.039879411458969116,0.050872329622507095,0.03789538890123367,0.059610091149806976,0.09067925065755844,0.14638462662696838,0.0,0.0,0.0,2.2473172975878697e-06
2026,195,2.5363101939923367,0.025327619165182114,0.032254815101623535,0.040299732238054276,0.05113885551691055,0.038092028349637985,0.05966627225279808,0.0915781781077385,0.146609365940094,0.0,0.0,0.0,5.618293243969674e-07
2026,196,2.536655979439636,0.025196904316544533,0.031896207481622696,0.03989245370030403,0.0508136972784996,0.03817630186676979,0.05913253501057625,0.09090398252010345,0.14632844924926758,0.0,0.0,0.0,5.618293243969674e-07
2026,197,2.5356124583204425,0.025030549615621567,0.03186649829149246,0.039748094975948334,0.05072508007287979,0.037923477590084076,0.05918871983885765,0.09048261493444443,0.14604753255844116,0.0,0.0,0.0,0.0
2026,198,2.5359827471487275,0.024898773059248924,0.03174968808889389,0.039681918919086456,0.050532691180706024,0.03817630186676979,0.059581998735666275,0.09115680307149887,0.14618799090385437,0.0,0.0,0.0,5.618293243969674e-07
2026,199,2.535383564579664,0.02514529787003994,0.03212892264127731,0.03989744558930397,0.05092959478497505,0.03795157000422478,0.05969436466693878,0.09056688845157623,0.1465250849723816,0.0,0.0,0.0,5.618293243969674e-07
2026,200,2.53494537922374,0.025182226672768593,0.031995467841625214,0.03996850550174713,0.05083451792597771,0.0383729413151741,0.059553906321525574,0.09118489921092987,0.14635653793811798,0.0,0.0,0.0,0.0
2027,1,7.897636647810016,0.0033503728918731213,0.003923350013792515,0.00400008587166667,0.00400008587166667,0.004494634456932545,0.006180122494697571,0.006461037322878838,0.006461037322878838,0.0,0.0,0.4122113585472107,0.7648846507072449
2027,2,6.569508757185839,0.004815811291337013,0.005697053391486406,0.007316861767321825,0.008826850913465023,0.00766897015273571,0.010450025089085102,0.01696724444627762,0.023933928459882736,0.0,0.0,0.0,0.47999995946884155
2027,3,5.848012797423864,0.004112240858376026,0.0051345680840313435,0.006254076026380062,0.006254076026380062,0.005955390632152557,0.009101634845137596,0.01351199485361576,0.01351199485361576,0.0,0.0,0.20020650327205658,0.6800826191902161
2027,4,5.361134693207529,0.005381860304623842,0.00659590819850564,0.008233580738306046,0.009230952709913254,0.00834316574037075,0.012163604609668255,0.01865273341536522,0.02334400825202465,0.0,0.0,0.0,0.4399983286857605
2027,5,4.8608006330636835,0.005194481462240219,0.006567421369254589,0.008183740079402924,0.012633250094950199,0.00783751904964447,0.012051238678395748,0.018456093966960907,0.041238270699977875,0.0,0.0,0.0,0.027348728850483894
2027,6,4.408672547694321,0.005237122531980276,0.006686138454824686,0.009013270027935505,0.012872371822595596,0.007949884980916977,0.012500702403485775,0.021798977628350258,0.041238270699977875,0.0,0.0,0.0,0.0
2027,7,4.0694657504639,0.00523667735978961,0.007056837435811758,0.009298758581280708,0.01208244077861309,0.008286982774734497,0.013989550061523914,0.022950727492570877,0.03688409551978111,0.0,0.0,0.0,0.13240069150924683
2027,8,3.8247813290429984,0.0050669340416789055,0.0065590874291956425,0.008490916341543198,0.0119630740955472,0.007781336084008217,0.012416427955031395,0.020197764039039612,0.03767065703868866,0.0,0.0,0.0,0.028662849217653275
2027,9,3.6481355423869393,0.005231774877756834,0.006591309793293476,0.008911948651075363,0.012940947897732258,0.008286982774734497,0.012556885369122028,0.021770885214209557,0.04230574890971184,0.0,0.0,0.0,0.0
2027,10,3.5263692364197188,0.005046435631811619,0.006612519267946482,0.008485152386128902,0.012369806878268719,0.007444238290190697,0.012332153506577015,0.019776392728090286,0.03963705897331238,0.0,0.0,0.0,0.0
2027,11,3.4571442407795936,0.0050681703723967075,0.006455147173255682,0.008717227727174759,0.012309081852436066,0.00750042125582695,0.011882689781486988,0.02084386721253395,0.039243776351213455,0.0,0.0,0.0,0.0
2027,12,3.424149664468289,0.005294091533869505,0.006867143325507641,0.008453430607914925,0.012292731553316116,0.008286982774734497,0.01325917150825262,0.019607843831181526,0.03854149207472801,0.0,0.0,0.0,0.0
2027,13,3.404096882352945,0.005355814006179571,0.006849344354122877,0.008838403970003128,0.012042144313454628,0.00842744018882513,0.013118714094161987,0.021096691489219666,0.037445925176143646,0.0,0.0,0.0,0.0
2027,14,3.3964355590372435,0.005283224396407604,0.007412659469991922,0.009400025941431522,0.013102018274366856,0.00825889129191637,0.01483229361474514,0.022641722112894058,0.0416877344250679,0.0,0.0,0.0,0.0
2027,15,3.3813213442983896,0.005248828325420618,0.006641862448304892,0.00903811864554882,0.012390616349875927,0.00800606794655323,0.012388336472213268,0.021742794662714005,0.03848530724644661,0.0,0.0,0.0,0.0
2027,16,3.363841735077934,0.005283224396407604,0.006997373420745134,0.008859992027282715,0.012977931648492813,0.00825889129191637,0.013764818198978901,0.021209057420492172,0.04213719815015793,0.0,0.0,0.0,0.0
2027,17,3.3499862716587288,0.005360952112823725,0.006754129659384489,0.009247696958482265,0.012780402787029743,0.008315074257552624,0.012669251300394535,0.02250126376748085,0.040423620492219925,0.0,0.0,0.0,0.0
2027,18,3.3386809713283854,0.005134138278663158,0.006211393512785435,0.007940694689750671,0.0123994629830122,0.007949884980916977,0.011264678090810776,0.018118996173143387,0.04067644104361534,0.0,0.0,0.0,0.0
2027,19,3.331041866629391,0.005310137290507555,0.006757178343832493,0.009023834019899368,0.013043096289038658,0.008062250912189484,0.012556885369122028,0.021602336317300797,0.04202483221888542,0.0,0.0,0.0,0.0
2027,20,3.326129798464447,0.005182531662285328,0.006582880392670631,0.008946706540882587,0.012494027614593506,0.008062250912189484,0.012444519437849522,0.021911343559622765,0.040086522698402405,0.0,0.0,0.0,0.0
2027,21,3.321629667732558,0.005041321273893118,0.00649559311568737,0.008963597007095814,0.01294752862304449,0.00758469570428133,0.012079330161213875,0.021714702248573303,0.041434913873672485,0.0,0.0,0.0,0.0
2027,22,3.3164983905761347,0.004983230959624052,0.00654406426474452,0.00871750432997942,0.012582086026668549,0.007388055324554443,0.012332153506577015,0.02098432555794716,0.04017079621553421,0.0,0.0,0.0,0.0
2027,23,3.314748122463664,0.0053023481741547585,0.006660908926278353,0.008731435984373093,0.012273628264665604,0.008062250912189484,0.012304062023758888,0.02050676941871643,0.03845721855759621,0.0,0.0,0.0,0.0
2027,24,3.3095630984879056,0.005538349971175194,0.007270576898008585,0.0091518834233284,0.01292022317647934,0.00865217112004757,0.014186190441250801,0.02168661169707775,0.04087308421730995,0.0,0.0,0.0,5.618293243969674e-07
2027,25,3.3016304323065135,0.005237122531980276,0.00658031739294529,0.008697344921529293,0.0123246805742383,0.007949884980916977,0.012135513126850128,0.020562952384352684,0.038597673177719116,0.0,0.0,0.0,0.0
2027,26,3.3027796085707735,0.0051528592593967915,0.007108626421540976,0.009592239744961262,0.012928829528391361,0.007697061635553837,0.013849092647433281,0.02384965494275093,0.040732625871896744,0.0,0.0,0.0,0.0
2027,27,3.300251293439775,0.005397075321525335,0.007261686027050018,0.009395158849656582,0.01295003667473793,0.008286982774734497,0.014242373406887054,0.022585539147257805,0.04053598642349243,0.0,0.0,0.0,0.0
2027,28,3.3003291864948556,0.004806737881153822,0.00593023095279932,0.00760931521654129,0.011221601627767086,0.007303781341761351,0.010843305848538876,0.017585257068276405,0.03556379675865173,0.0,0.0,0.0,0.1547468900680542
2027,29,3.299631398377309,0.005153483245521784,0.006432769820094109,0.00837742630392313,0.012097854167222977,0.0078094275668263435,0.011742232367396355,0.019579751417040825,0.03820439428091049,0.0,0.0,0.0,0.05578403174877167
2027,30,3.2975556998439486,0.005340831819921732,0.006805457640439272,0.009121046401560307,0.012555933557450771,0.008286982774734497,0.012978257611393929,0.02219225838780403,0.03938423469662666,0.0,0.0,0.0,0.0
2027,31,3.292675454606894,0.005266668274998665,0.006715389434248209,0.008722544647753239,0.012697595171630383,0.007949884980916977,0.012528793886303902,0.020450586453080177,0.04031125456094742,0.0,0.0,0.0,0.0
2027,32,3.2881415932767304,0.004752990324050188,0.006143036298453808,0.008367348462343216,0.011967317201197147,0.0076408786699175835,0.011966964229941368,0.020759593695402145,0.03921568766236305,0.0,0.0,0.0,0.028767909854650497
2027,33,3.289303038606116,0.005228887777775526,0.006533604580909014,0.009059861302375793,0.011946499347686768,0.008118433877825737,0.012191696092486382,0.022276531904935837,0.03679982200264931,0.0,0.0,0.0,0.0
2027,34,3.2841889642671696,0.004976626951247454,0.006358571816235781,0.008150586858391762,0.011959348805248737,0.007949884980916977,0.012304062023758888,0.019579751417040825,0.038934770971536636,0.0,0.0,0.0,0.0
2027,35,3.2824993780267384,0.005283224396407604,0.007221076171845198,0.009011609479784966,0.013243746012449265,0.00825889129191637,0.014382830820977688,0.021574245765805244,0.042895667254924774,0.0,0.0,0.0,0.018603291362524033
2027,36,3.2835800284155305,0.005397075321525335,0.006676179356873035,0.008747929707169533,0.012568184174597263,0.008286982774734497,0.012332153506577015,0.02067531831562519,0.0400022454559803,0.0,0.0,0.0,0.019994381815195084
2027,37,3.2809051376605325,0.0052736299112439156,0.006530233658850193,0.009296286851167679,0.012784430757164955,0.00800606794655323,0.011966964229941368,0.023119276389479637,0.040901172906160355,0.0,0.0,0.0,0.01951851323246956
2027,38,3.281326132747326,0.004559997469186783,0.006304493173956871,0.008646653033792973,0.01254554744809866,0.00654531130567193,0.011995055712759495,0.02134951390326023,0.04101353883743286,0.0,0.0,0.0,0.040432605892419815
2027,39,3.277847204452906,0.005274508614093065,0.006406777072697878,0.00829450972378254,0.012333031743764877,0.008062250912189484,0.011601774953305721,0.01918647065758705,0.03938423469662666,0.0,0.0,0.0,0.031174784526228905
2027,40,3.27379576236452,0.005310137290507555,0.006611853837966919,0.00918734259903431,0.012730377726256847,0.008062250912189484,0.012107421644032001,0.022445080801844597,0.04036743566393852,0.0,0.0,0.0,0.0
2027,41,3.2686984355633077,0.005218020640313625,0.006638029124587774,0.00873134471476078,0.012586127035319805,0.00809034239500761,0.012556885369122028,0.0208157766610384,0.04047980159521103,0.0,0.0,0.0,0.0
2027,42,3.27037331224614,0.005257799290120602,0.006599991582334042,0.008823871612548828,0.012818251736462116,0.008034159429371357,0.012247879058122635,0.021068599075078964,0.04115399718284607,0.0,0.0,0.0,0.0
2027,43,3.264121900846762,0.005397075321525335,0.006972160656005144,0.009148804470896721,0.012508194893598557,0.008286982774734497,0.013231080025434494,0.021911343559622765,0.03896286338567734,0.0,0.0,0.0,0.0
2027,44,3.265466753770465,0.005066939629614353,0.006668597459793091,0.008430375717580318,0.011911747045814991,0.00766897015273571,0.012725434266030788,0.019748300313949585,0.03713691607117653,0.0,0.0,0.0,0.0
2027,45,3.264465899280852,0.005240381695330143,0.006717471405863762,0.009388596750795841,0.012360542081296444,0.00825889129191637,0.012893983162939548,0.023428281769156456,0.03845721855759621,0.0,0.0,0.0,0.0
2027,46,3.251451018368184,0.006448241416364908,0.008518120273947716,0.011144503019750118,0.0159447118639946,0.010000561363995075,0.016461599618196487,0.02702398970723152,0.05132310837507248,0.0,0.0,0.0,0.0
2027,47,3.213174625607798,0.007009370252490044,0.00941197294741869,0.01238687802106142,0.017420699819922447,0.010899488814175129,0.01851227506995201,0.03033878281712532,0.055733468383550644,0.0,0.0,0.0,0.0
2027,48,3.193292613936822,0.0081657525151968,0.010601509362459183,0.014011061750352383,0.019586723297834396,0.012781617231667042,0.020422495901584625,0.03396258130669594,0.06247542053461075,0.0,0.0,0.0,2.2473172975878697e-06
2027,49,3.177253484725952,0.008064670488238335,0.01105885487049818,0.01445365883409977,0.020049389451742172,0.012556885369122028,0.02182706817984581,0.03536715731024742,0.06362716853618622,0.0,0.0,0.0,0.0
2027,50,3.1577411222393534,0.008821203373372555,0.011983024887740612,0.01541607454419136,0.02162708155810833,0.014073824509978294,0.023877745494246483,0.03753019869327545,0.06902073323726654,0.0,0.0,0.0,0.0
2027,51,3.1526873002329014,0.009056310169398785,0.012463496066629887,0.016497032716870308,0.02238404005765915,0.014298556372523308,0.024860946461558342,0.04098545014858246,0.07087476551532745,0.0,0.0,0.0,0.0
2027,52,3.1418527996974435,0.008545729331672192,0.011371349915862083,0.015806369483470917,0.022299963980913162,0.01351199485361576,0.022416990250349045,0.04014270380139351,0.07292544841766357,0.0,0.0,0.0,0.0
2027,53,3.136670992281112,0.009911153465509415,0.01284174993634224,0.017231006175279617,0.024120694026350975,0.015478397719562054,0.02466430701315403,0.042221471667289734,0.07716725766658783,0.0,0.0,0.0,0.0
2027,54,3.1287648935227903,0.009456993080675602,0.012950468808412552,0.01744723878800869,0.02429305948317051,0.01516939140856266,0.026096971705555916,0.044075511395931244,0.07874038070440292,0.0,0.0,0.0,3.370975719008129e-06
2027,55,3.1185788069015894,0.009217603132128716,0.013140848837792873,0.01811942644417286,0.024904735386371613,0.014214281924068928,0.02651834301650524,0.046266645193099976,0.08051013946533203,0.0,0.0,0.0,0.0
2027,56,3.1213160481369284,0.009562049061059952,0.012838407419621944,0.017698977142572403,0.024624710902571678,0.015478397719562054,0.025703690946102142,0.04517107829451561,0.08022922277450562,0.0,0.0,0.0,0.0
2027,57,3.1401620641571952,0.009996836073696613,0.013689576648175716,0.018740499392151833,0.025803977623581886,0.015731221064925194,0.027248721569776535,0.04744648560881615,0.08315073698759079,0.0,0.0,0.0,0.0
2027,58,3.122630839727507,0.009774398058652878,0.013419893570244312,0.018301332369446754,0.025523344054818153,0.0150008425116539,0.026405977085232735,0.045929547399282455,0.08256081491708755,0.0,0.0,0.0,5.618293243969674e-07
2027,59,3.104717243055583,0.009819796308875084,0.013338339515030384,0.018469208851456642,0.02611536905169487,0.015731221064925194,0.026686891913414,0.04716557264328003,0.08593179285526276,0.0,0.0,0.0,0.0
2027,60,3.1011723773843043,0.010254612192511559,0.013747389428317547,0.01862090453505516,0.025582628324627876,0.016545873135328293,0.027417270466685295,0.04680038243532181,0.08222372084856033,0.0,0.0,0.0,0.00038429125561378896
2027,61,3.0956837944334494,0.01050338800996542,0.014189617708325386,0.01932595483958721,0.02682652324438095,0.016714422032237053,0.028260014951229095,0.04879487678408623,0.086746446788311,0.0,0.0,0.0,0.0
2027,62,3.0889313079406695,0.00999077782034874,0.013425381854176521,0.017711125314235687,0.024605222046375275,0.016068318858742714,0.026799257844686508,0.04396314546465874,0.07896511256694794,0.0,0.0,0.0,0.0
2027,63,3.0826482103582014,0.010818012990057468,0.01493003498762846,0.020214781165122986,0.027937306091189384,0.017416708171367645,0.030254509299993515,0.05126692354679108,0.09025788307189941,0.0,0.0,0.0,0.0
2027,64,3.079478618426201,0.011138864792883396,0.015744857490062714,0.02066393941640854,0.028065519407391548,0.0183437280356884,0.032726556062698364,0.052418675273656845,0.0899207815527916,0.0,0.0,0.0,0.0
2027,65,3.0746932525222923,0.010738581418991089,0.014692828990519047,0.020166760310530663,0.027957560494542122,0.017191976308822632,0.029552221298217773,0.05129501596093178,0.09070734679698944,0.0,0.0,0.0,0.0
2027,66,3.073295340686031,0.011531605385243893,0.015709443017840385,0.020700976252555847,0.028402293100953102,0.01814708672463894,0.031237710267305374,0.05112646892666817,0.09017360210418701,0.0,0.0,0.0,0.0
2027,67,3.066855746885704,0.011443674564361572,0.015738653019070625,0.02119898796081543,0.028783774003386497,0.018428001552820206,0.03188381344079971,0.05354233458638191,0.09183099865913391,0.0,0.0,0.0,0.0
2027,68,3.062350846495223,0.011973438784480095,0.016019821166992188,0.021082803606987,0.028709419071674347,0.01882128231227398,0.03137816861271858,0.051575932651758194,0.09014551341533661,0.0,0.0,0.0,0.0
2027,69,3.058242528222994,0.011573748663067818,0.015758782625198364,0.021134404465556145,0.028779590502381325,0.018765099346637726,0.03188381344079971,0.0532895103096962,0.09199955314397812,0.0,0.0,0.0,0.0
2027,70,3.0561069927395756,0.011710110120475292,0.016406476497650146,0.02175850048661232,0.02941044792532921,0.019298836588859558,0.03396258130669594,0.05531209707260132,0.09405022859573364,0.0,0.0,0.0,0.0
2027,71,3.053205345323694,0.011912332847714424,0.016183478757739067,0.021194089204072952,0.029124286025762558,0.018765099346637726,0.03213663771748543,0.052109669893980026,0.09214001148939133,0.0,0.0,0.0,0.0
2027,72,3.0535910393384142,0.012033042497932911,0.016597965732216835,0.021422356367111206,0.029278192669153214,0.019467385485768318,0.033597394824028015,0.05286813899874687,0.09256137907505035,0.0,0.0,0.0,0.0
2027,73,3.051006559740033,0.012150250375270844,0.016572274267673492,0.021902788430452347,0.029630571603775024,0.019467385485768318,0.033232204616069794,0.054413169622421265,0.09362885355949402,0.0,0.0,0.0,0.0
2027,74,3.042608453838127,0.012868133373558521,0.01717527024447918,0.022233398631215096,0.030107934027910233,0.02016967162489891,0.03365357592701912,0.05371088162064552,0.09360076487064362,0.0,0.0,0.0,0.0
2027,75,3.03490808811265,0.01329269353300333,0.01763354055583477,0.02307138778269291,0.030901147052645683,0.020703410729765892,0.03429967910051346,0.05595820024609566,0.09556716680526733,0.0,0.0,0.0,0.0
2027,76,3.032934809503285,0.011966530233621597,0.01654629036784172,0.021758800372481346,0.029787998646497726,0.019720209762454033,0.03401876613497734,0.05480644851922989,0.09553907811641693,0.0,0.0,0.0,0.0
2027,77,3.028618893642657,0.012248625047504902,0.01676085591316223,0.02201654762029648,0.029644720256328583,0.019551660865545273,0.033597394824028015,0.05449744313955307,0.09317938983440399,0.0,0.0,0.0,0.0
2027,78,3.0237179635829126,0.012484710663557053,0.016862042248249054,0.022093690931797028,0.03066149912774563,0.020197764039039612,0.03393448889255524,0.05469408258795738,0.0982920378446579,0.0,0.0,0.0,0.0
2027,79,3.0206086062870208,0.012936360202729702,0.017745690420269966,0.023353211581707,0.03135496377944946,0.020591044798493385,0.03550761193037033,0.05786842107772827,0.0984324961900711,0.0,0.0,0.0,0.0
2027,80,3.0166220085823583,0.012204065918922424,0.016913600265979767,0.022353405132889748,0.03014315478503704,0.01983257569372654,0.034440137445926666,0.05601438134908676,0.09545479714870453,0.0,0.0,0.0,0.0
2027,81,3.0077867971258123,0.013415653258562088,0.01768341101706028,0.023338397964835167,0.03152652829885483,0.021714702248573303,0.0350300595164299,0.05750323086977005,0.09891004860401154,0.0,0.0,0.0,0.0
2027,82,3.0095408052889763,0.013624892570078373,0.018065622076392174,0.023144137114286423,0.031700607389211655,0.021742794662714005,0.03556379675865173,0.05581774190068245,0.09921905398368835,0.0,0.0,0.0,0.0
2027,83,2.9993499879412324,0.01490815170109272,0.01966458559036255,0.02516070380806923,0.03324496001005173,0.02317545935511589,0.03797966241836548,0.059891004115343094,0.10104500502347946,0.0,0.0,0.0,0.0
2027,84,2.9947999608017977,0.013802744448184967,0.01903887279331684,0.024455036967992783,0.032840296626091,0.021461879834532738,0.037754930555820465,0.05935726687312126,0.10191583633422852,0.0,0.0,0.0,0.0
2027,85,2.9879524582310726,0.01333583053201437,0.018448984250426292,0.023942947387695312,0.03238480165600777,0.021574245765805244,0.03750210627913475,0.05932917445898056,0.10211247950792313,0.0,0.0,0.0,0.0
2027,86,2.9898578782795893,0.013639457523822784,0.018320536240935326,0.02407948113977909,0.03256379812955856,0.021602336317300797,0.03620989993214607,0.05910444259643555,0.10200010985136032,0.0,0.0,0.0,0.0
2027,87,2.983387039418806,0.014604417607188225,0.01974809728562832,0.02565341629087925,0.03373183310031891,0.02418675273656845,0.040255069732666016,0.06362716853618622,0.10458452999591827,0.0,0.0,0.0,0.0
2027,88,2.9769340147051895,0.013846819289028645,0.01912476308643818,0.024741346016526222,0.0331311970949173,0.02219225838780403,0.03871003910899162,0.061098936945199966,0.10343277454376221,0.0,0.0,0.0,0.0
2027,89,2.9760770829904737,0.014950922690331936,0.019849518314003944,0.02572549320757389,0.03452740237116814,0.02351255714893341,0.03885049745440483,0.06216641515493393,0.10697229951620102,0.0,0.0,0.0,0.0
2027,90,2.9687351575586316,0.01453466061502695,0.01922992430627346,0.024298958480358124,0.0331336110830307,0.022416990250349045,0.03702455013990402,0.05730659142136574,0.10208438336849213,0.0,0.0,0.0,0.0
2027,91,2.964623895573069,0.014725346118211746,0.01949615217745304,0.025828873738646507,0.03435394912958145,0.023091183975338936,0.03795157000422478,0.06314961612224579,0.10632620006799698,0.0,0.0,0.0,0.0
2027,92,2.9601840696193267,0.015241511166095734,0.02010350674390793,0.025846267119050026,0.03404617682099342,0.024383392184972763,0.03949660062789917,0.06233496218919754,0.10388223826885223,0.0,0.0,0.0,0.0
2027,93,2.9566293837409594,0.013909926638007164,0.018615974113345146,0.025014398619532585,0.03354615345597267,0.022416990250349045,0.03719310089945793,0.06264396756887436,0.10584864020347595,0.0,0.0,0.0,0.0
2027,94,2.951512891753965,0.015704091638326645,0.020777171477675438,0.026447078213095665,0.035632528364658356,0.025366593152284622,0.04118208959698677,0.06373953819274902,0.11031518876552582,0.0,0.0,0.0,0.0
2027,95,2.9467245261517934,0.013885343447327614,0.01925358735024929,0.025180377066135406,0.033916570246219635,0.02168661169707775,0.038401033729314804,0.06196977198123932,0.10612955689430237,0.0,0.0,0.0,0.0
2027,96,2.943440223351503,0.014446699991822243,0.019763158634305,0.02592235989868641,0.034668147563934326,0.023400191217660904,0.03988988324999809,0.06444182246923447,0.10877015441656113,0.0,0.0,0.0,0.0
2027,97,2.942934465794428,0.014892509207129478,0.019996820017695427,0.025826917961239815,0.034629471600055695,0.023540647700428963,0.03946850821375847,0.06278442591428757,0.10747794806957245,0.0,0.0,0.0,0.0
2027,98,2.9416291964681527,0.015666447579860687,0.020579827949404716,0.026400474831461906,0.03520062193274498,0.024608124047517776,0.0399460643529892,0.06314961612224579,0.10781504213809967,0.0,0.0,0.0,0.0
2027,99,2.9330377832919803,0.01546077337116003,0.020674962550401688,0.02640361897647381,0.03521639481186867,0.024214843288064003,0.04045170918107033,0.06320580095052719,0.10795550048351288,0.0,0.0,0.0,0.0
2027,100,2.9306885452888274,0.015397051349282265,0.020321236923336983,0.026467248797416687,0.03536919131875038,0.02435530163347721,0.03966515138745308,0.06421709060668945,0.10921961814165115,0.0,0.0,0.0,0.0
2027,101,2.9274990056690418,0.014157784171402454,0.019626038148999214,0.02571449987590313,0.03498255833983421,0.02216416597366333,0.03918759524822235,0.0633462518453598,0.11034327745437622,0.0,0.0,0.0,0.0
2027,102,2.924118362457646,0.014443976804614067,0.019909203052520752,0.025391995906829834,0.03469127044081688,0.02317545935511589,0.04028316214680672,0.06216641515493393,0.10921961814165115,0.0,0.0,0.0,0.0
2027,103,2.9197594916772265,0.015482049435377121,0.020807450637221336,0.026704709976911545,0.03556475788354874,0.024299118667840958,0.04098545014858246,0.06449800729751587,0.10944435000419617,0.0,0.0,0.0,0.0
2027,104,2.9127967656865295,0.01523278933018446,0.020145436748862267,0.026075540110468864,0.03521338105201721,0.023793471977114677,0.03904713690280914,0.06267206370830536,0.10896679759025574,0.0,0.0,0.0,0.0
2027,105,2.9123681897898273,0.016269532963633537,0.021115565672516823,0.027048777788877487,0.036383867263793945,0.02516995370388031,0.040226977318525314,0.06385190039873123,0.11124220490455627,0.0,0.0,0.0,0.0
2027,106,2.907027559241785,0.015539426356554031,0.02059083618223667,0.026874680072069168,0.03591311350464821,0.02415866032242775,0.039917971938848495,0.0649755597114563,0.11084892600774765,0.0,0.0,0.0,0.0
2027,107,2.9022378837853147,0.015407390892505646,0.020771149545907974,0.027189059183001518,0.03656535595655441,0.02432720921933651,0.04104163125157356,0.06654868274927139,0.11407944560050964,0.0,0.0,0.0,1.1236586487939348e-06
2027,108,2.8986954315793017,0.016478432342410088,0.021806171163916588,0.02776668593287468,0.03679382801055908,0.02584414929151535,0.04247429594397545,0.06635203957557678,0.11205685883760452,0.0,0.0,0.0,0.0
2027,109,2.8923918785836533,0.016570711508393288,0.02177269384264946,0.027741461992263794,0.037104327231645584,0.025787966325879097,0.04202483221888542,0.06576212495565414,0.11318051815032959,0.0,0.0,0.0,0.0
2027,110,2.8886951357729522,0.016090020537376404,0.021648703143000603,0.028000526130199432,0.037463802844285965,0.02533850260078907,0.04269902780652046,0.06798134744167328,0.11596157401800156,0.0,0.0,0.0,0.0
2027,111,2.8831742295691196,0.01591859944164753,0.02148839831352234,0.0279253963381052,0.03697263449430466,0.02533850260078907,0.04267093539237976,0.0683184415102005,0.11419180780649185,0.0,0.0,0.0,0.0
2027,112,2.881532970871198,0.01524778176099062,0.020566029474139214,0.026830844581127167,0.03581755980849266,0.024242935702204704,0.04087308421730995,0.06581830233335495,0.11149502545595169,0.0,0.0,0.0,0.0
2027,113,2.876576069395552,0.016809960827231407,0.02209191769361496,0.028472691774368286,0.03784296289086342,0.02584414929151535,0.042277656495571136,0.06772852689027786,0.11539974063634872,0.0,0.0,0.0,0.0
2027,114,2.8706179833122594,0.01569686271250248,0.02136925235390663,0.027708465233445168,0.037343937903642654,0.024889038875699043,0.04253048077225685,0.06767234206199646,0.11643912643194199,0.0,0.0,0.0,0.0
2027,115,2.8653987914766215,0.01758350059390068,0.023142125457525253,0.029445843771100044,0.038791339844465256,0.027529636397957802,0.04483398050069809,0.0699196606874466,0.11716950684785843,0.0,0.0,0.0,0.0
2027,116,2.8617374868045453,0.0174811203032732,0.02279142290353775,0.029194388538599014,0.03867572173476219,0.027276813983917236,0.04387886822223663,0.06941401213407516,0.11733805388212204,0.0,0.0,0.0,0.0
2027,117,2.857172742707205,0.01655326597392559,0.022771604359149933,0.028775371611118317,0.0384342335164547,0.02598460577428341,0.04536771774291992,0.06930164247751236,0.11818079650402069,0.0,0.0,0.0,0.0
2027,118,2.8536689876705688,0.016936739906668663,0.022623194381594658,0.029031511396169662,0.03876666724681854,0.026686891913414,0.04446879029273987,0.0699758380651474,0.11927636712789536,0.0,0.0,0.0,0.0
2027,119,2.8489236213900297,0.017348429188132286,0.02334388718008995,0.029841739684343338,0.038962531834840775,0.02730490453541279,0.04601382091641426,0.07188606262207031,0.11815270781517029,0.0,0.0,0.0,0.0
2027,120,2.845677304364409,0.017852777615189552,0.023495428264141083,0.029505448415875435,0.03893794119358063,0.027754368260502815,0.04539581015706062,0.06932973861694336,0.11711332201957703,0.0,0.0,0.0,0.0
2027,121,2.8419528104033063,0.017422275617718697,0.02311450056731701,0.029317637905478477,0.03853430971503258,0.02713635563850403,0.04486206918954849,0.06947019696235657,0.11624248325824738,0.0,0.0,0.0,0.0
2027,122,2.83534031615727,0.01807374879717827,0.023735394701361656,0.03017810732126236,0.03992462530732155,0.027754368260502815,0.04548008367419243,0.07112759351730347,0.12054047733545303,0.0,0.0,0.0,0.0
2027,123,2.8327360317292003,0.01766987517476082,0.023275252431631088,0.029932187870144844,0.03939221054315567,0.027108265087008476,0.044581156224012375,0.07115568220615387,0.11910781264305115,0.0,0.0,0.0,0.0
2027,124,2.8273851466082367,0.016972865909337997,0.022771356627345085,0.029289962723851204,0.03907909616827965,0.027276813983917236,0.04539581015706062,0.07135232537984848,0.12096185237169266,0.0,0.0,0.0,0.0
2027,125,2.8246361704168694,0.018532898277044296,0.02445412427186966,0.030603574588894844,0.04053767770528793,0.02915894240140915,0.047558851540088654,0.07208269834518433,0.12233833223581314,0.0,0.0,0.0,0.0
2027,126,2.818060115281387,0.017428457736968994,0.023313412442803383,0.029911039397120476,0.03954072296619415,0.026939716190099716,0.04533962532877922,0.0716332346200943,0.12062475085258484,0.0,0.0,0.0,0.0
2027,127,2.8152983816046464,0.018259499222040176,0.024019092321395874,0.030484404414892197,0.0404735766351223,0.028737569227814674,0.046603742986917496,0.07227934151887894,0.12284398078918457,0.0,0.0,0.0,0.0
2027,128,2.810576121655875,0.01870041899383068,0.024391259998083115,0.03099050745368004,0.040731050074100494,0.029130849987268448,0.04685656353831291,0.07315018028020859,0.12256306409835815,0.0,0.0,0.0,0.0
2027,129,2.8052834740534487,0.017963740974664688,0.023499608039855957,0.030133413150906563,0.03979748860001564,0.02817573957145214,0.04545199126005173,0.0717456042766571,0.12065284699201584,0.0,0.0,0.0,0.0
2027,130,2.8019631127757743,0.01885274611413479,0.024439409375190735,0.030966145917773247,0.04083745554089546,0.02952413074672222,0.046912748366594315,0.07286926358938217,0.12292825430631638,0.0,0.0,0.0,0.0
2027,131,2.7973504378567178,0.01832377165555954,0.02415921539068222,0.030675798654556274,0.040544331073760986,0.02899039350450039,0.047277938574552536,0.07317826896905899,0.12320917099714279,0.0,0.0,0.0,0.0
2027,132,2.793478024311555,0.019257469102740288,0.025143468752503395,0.03129199147224426,0.04110659658908844,0.029748862609267235,0.048064496368169785,0.07253216207027435,0.12242260575294495,0.0,0.0,0.0,0.0
2027,133,2.7892674383042473,0.017830025404691696,0.023552950471639633,0.03022424317896366,0.04041687026619911,0.027613911777734756,0.04553626477718353,0.07211079448461533,0.12371481209993362,0.0,0.0,0.0,0.0
2027,134,2.7855707009633384,0.0184050090610981,0.024253536015748978,0.03098248690366745,0.041028380393981934,0.028569020330905914,0.04680038243532181,0.07354345917701721,0.12436091899871826,0.0,0.0,0.0,0.0
2027,135,2.7802806515120944,0.01876949891448021,0.02474352717399597,0.031493958085775375,0.04156332463026047,0.029467947781085968,0.048092588782310486,0.0749199390411377,0.12615877389907837,0.0,0.0,0.0,0.0
2027,136,2.7753452389185567,0.01890534907579422,0.025042498484253883,0.03168417513370514,0.04181439056992531,0.02952413074672222,0.048738691955804825,0.07520085573196411,0.1266363263130188,0.0,0.0,0.0,0.0
2027,137,2.7720339340076112,0.01876871846616268,0.024722900241613388,0.031495220959186554,0.04178624227643013,0.028737569227814674,0.047249846160411835,0.07418955862522125,0.12635540962219238,0.0,0.0,0.0,0.0
2027,138,2.767354887024111,0.018953785300254822,0.02518744394183159,0.03179275989532471,0.04205009341239929,0.029271306470036507,0.048598237335681915,0.07489185035228729,0.1268329620361328,0.0,0.0,0.0,0.0
2027,139,2.7630269218552934,0.019156737253069878,0.025099996477365494,0.031846292316913605,0.04186226800084114,0.030254509299993515,0.048738691955804825,0.07550986111164093,0.12610259652137756,0.0,0.0,0.0,0.0
2027,140,2.7585399318159673,0.02026415802538395,0.02638925053179264,0.03350858762860298,0.043816838413476944,0.031209617853164673,0.05031181499361992,0.07845946401357651,0.13070958852767944,0.0,0.0,0.0,0.0
2027,141,2.7549128516322043,0.019363941624760628,0.025542402639985085,0.03242644667625427,0.04256168380379677,0.030394965782761574,0.04960952699184418,0.07699871063232422,0.1284060925245285,0.0,0.0,0.0,0.0
2027,142,2.748905843729593,0.020907266065478325,0.02705112099647522,0.03338034078478813,0.04358070716261864,0.03236136958003044,0.051575932651758194,0.0767739787697792,0.1284060925245285,0.0,0.0,0.0,0.0
2027,143,2.7458381163768277,0.019603189080953598,0.025707438588142395,0.03282645717263222,0.0433034747838974,0.030535424128174782,0.04952525347471237,0.07789763808250427,0.13096241652965546,0.0,0.0,0.0,0.0
2027,144,2.7416004410639467,0.020218301564455032,0.02643658220767975,0.03308000788092613,0.043533772230148315,0.031209617853164673,0.05053654685616493,0.07694252580404282,0.1299230307340622,0.0,0.0,0.0,0.0
2027,145,2.737261860315938,0.019877327606081963,0.025859247893095016,0.032524291425943375,0.04273700341582298,0.030956795439124107,0.049581438302993774,0.07607168704271317,0.12787234783172607,0.0,0.0,0.0,0.0
2027,146,2.7315510500136977,0.020060379058122635,0.02640407159924507,0.0333578884601593,0.04380984231829643,0.030732063576579094,0.05048036575317383,0.07815045863389969,0.13101859390735626,0.0,0.0,0.0,0.0
2027,147,2.7289535423361175,0.02039540745317936,0.026892079040408134,0.03358658775687218,0.043983958661556244,0.03115343488752842,0.05137928947806358,0.07803808897733688,0.13076578080654144,0.0,0.0,0.0,0.0
2027,148,2.724268978584794,0.02033652737736702,0.02687137946486473,0.03351395204663277,0.043918970972299576,0.03098488599061966,0.05135120078921318,0.07772908359766006,0.13042867183685303,0.0,0.0,0.0,0.0
2027,149,2.7199961251092826,0.021262044087052345,0.027592334896326065,0.03452550247311592,0.044920384883880615,0.03297938033938408,0.05264340713620186,0.08020113408565521,0.13301308453083038,0.0,0.0,0.0,0.0
2027,150,2.716257221142129,0.021161837503314018,0.027090130373835564,0.033758677542209625,0.04428103193640709,0.03269846737384796,0.051238834857940674,0.07784145325422287,0.13113096356391907,0.0,0.0,0.0,0.0
2027,151,2.7109289053480636,0.020613137632608414,0.02696414478123188,0.03364225849509239,0.04411584511399269,0.03196808695793152,0.05180066451430321,0.0783190056681633,0.1315523386001587,0.0,0.0,0.0,0.0
2027,152,2.707413035365734,0.021285155788064003,0.027519259601831436,0.034233979880809784,0.044814907014369965,0.03300747275352478,0.052446767687797546,0.07913365960121155,0.13276027143001556,0.0,0.0,0.0,0.0
2027,153,2.702952436750878,0.0215104091912508,0.02779167704284191,0.034632567316293716,0.04480351507663727,0.03303556516766548,0.05250294879078865,0.07969548553228378,0.13124333322048187,0.0,0.0,0.0,0.0
2027,154,2.6985011815059523,0.021511880680918694,0.027860555797815323,0.03485986962914467,0.04559284821152687,0.032754648476839066,0.05247485637664795,0.08028540760278702,0.13455812633037567,0.0,0.0,0.0,0.0
2027,155,2.6949985776996486,0.021352099254727364,0.027844099327921867,0.03442784771323204,0.045150816440582275,0.032726556062698364,0.05298050493001938,0.07921793311834335,0.13365919888019562,0.0,0.0,0.0,0.0
2027,156,2.6904324108128925,0.02119230106472969,0.027728907763957977,0.03468209505081177,0.045369554311037064,0.03233327716588974,0.05267149955034256,0.08031350374221802,0.13444575667381287,0.0,0.0,0.0,0.0
2027,157,2.6866259060086186,0.021812016144394875,0.02826281264424324,0.03549453243613243,0.045871008187532425,0.0332883857190609,0.053401876240968704,0.08213944733142853,0.13472667336463928,0.0,0.0,0.0,0.0
2027,158,2.6836944144425283,0.02233279123902321,0.028630606830120087,0.03559313714504242,0.04612314701080322,0.034440137445926666,0.05404797941446304,0.08180234581232071,0.1351480484008789,0.0,0.0,0.0,0.0
2027,159,2.6800268088918626,0.02058570273220539,0.027185969054698944,0.03379198536276817,0.04460299015045166,0.03135007619857788,0.051913030445575714,0.0782628208398819,0.13292881846427917,0.0,0.0,0.0,0.0
2027,160,2.6748452900874953,0.021259307861328125,0.027907656505703926,0.03468187898397446,0.04530453309416771,0.032277096062898636,0.052924320101737976,0.07986404001712799,0.1335468292236328,0.0,0.0,0.0,0.0
2027,161,2.6706008058488773,0.02169806882739067,0.02821149118244648,0.0350150503218174,0.04597382992506027,0.0333445705473423,0.05365470051765442,0.08070678263902664,0.13638406991958618,0.0,0.0,0.0,0.0
2027,162,2.6669634569350844,0.021887188777327538,0.02835559844970703,0.03511182218790054,0.046109214425086975,0.03354120999574661,0.05354233458638191,0.08045395463705063,0.13613124191761017,0.0,0.0,0.0,0.0
2027,163,2.6634363745227354,0.022851042449474335,0.029208753257989883,0.035841602832078934,0.0466262549161911,0.035058148205280304,0.05486263334751129,0.08124051988124847,0.13599078357219696,0.0,0.0,0.0,0.0
2027,164,2.658084890942181,0.021550485864281654,0.02836569771170616,0.03500860556960106,0.04573825001716614,0.03314793109893799,0.054441262036561966,0.08101578801870346,0.13540086150169373,0.0,0.0,0.0,0.0
2027,165,2.6550452705980474,0.021550221368670464,0.02855723910033703,0.035545483231544495,0.04638759791851044,0.03286701440811157,0.05463790148496628,0.08253272622823715,0.13747963309288025,0.0,0.0,0.0,0.0
2027,166,2.650723202186718,0.021927066147327423,0.028789715841412544,0.035914018750190735,0.04649566486477852,0.03345693647861481,0.054778359830379486,0.0833192840218544,0.13697399199008942,0.0,0.0,0.0,0.0
2027,167,2.6472001095049777,0.022711429744958878,0.029162507504224777,0.03600878641009331,0.0469585619866848,0.03469296172261238,0.054722175002098083,0.08191471546888351,0.13745154440402985,0.0,0.0,0.0,0.0
2027,168,2.642309678871783,0.02250467985868454,0.029535677284002304,0.036560021340847015,0.04743402451276779,0.033906400203704834,0.055761560797691345,0.08371257036924362,0.13863138854503632,0.0,0.0,0.0,0.0
2027,169,2.638937414094665,0.02215750329196453,0.02866828627884388,0.03594784438610077,0.046918950974941254,0.03365357592701912,0.053907521069049835,0.08281364291906357,0.1383223831653595,0.0,0.0,0.0,0.0
2027,170,2.6351462713619958,0.022547908127307892,0.029354559257626534,0.03616777062416077,0.04729725793004036,0.03446822986006737,0.05562110245227814,0.08284173160791397,0.13930557668209076,0.0,0.0,0.0,0.0
2027,171,2.6312598918291883,0.023513313382864,0.030093537643551826,0.03688303008675575,0.048190124332904816,0.03550761193037033,0.05595820024609566,0.08298218995332718,0.14031687378883362,0.0,0.0,0.0,0.0
2027,172,2.6275357286296233,0.02340981923043728,0.029794249683618546,0.037063319236040115,0.04786732420325279,0.03545143082737923,0.05531209707260132,0.08430249243974686,0.13908085227012634,0.0,0.0,0.0,0.0
2027,173,2.6234185747128587,0.022631101310253143,0.029547609388828278,0.03637659549713135,0.04763513430953026,0.03449631854891777,0.05598629266023636,0.08315073698759079,0.1402045041322708,0.0,0.0,0.0,0.0
2027,174,2.6196703154709335,0.02319496124982834,0.02947233058512211,0.03678528219461441,0.047810591757297516,0.03556379675865173,0.055059272795915604,0.08421821147203445,0.140092134475708,0.0,0.0,0.0,0.0
2027,175,2.6161091568981587,0.02290649525821209,0.029289381578564644,0.03655317425727844,0.04735584557056427,0.0349738746881485,0.054722175002098083,0.08365638554096222,0.1384909301996231,0.0,0.0,0.0,0.0
2027,176,2.613807476805611,0.02364392578601837,0.03023504838347435,0.03747536614537239,0.04847355931997299,0.03598516806960106,0.05652002990245819,0.08548232913017273,0.14132817089557648,0.0,0.0,0.0,0.0
2027,177,2.60900196533615,0.023481080308556557,0.02973152883350849,0.03680532053112984,0.04787522181868553,0.03601326048374176,0.055424463003873825,0.08357211202383041,0.13969886302947998,0.0,0.0,0.0,0.0
2027,178,2.605949289242105,0.02269875630736351,0.029186954721808434,0.03623811528086662,0.047370545566082,0.03460868448019028,0.05466599389910698,0.08272936940193176,0.13913702964782715,0.0,0.0,0.0,0.0
2027,179,2.603086773683185,0.023049835115671158,0.029756227508187294,0.036903996020555496,0.04792056605219841,0.03480532765388489,0.055564917623996735,0.08407776057720184,0.1399516761302948,0.0,0.0,0.0,0.0
2027,180,2.5998705331130547,0.023287080228328705,0.029908200725913048,0.03711681440472603,0.04832504317164421,0.03545143082737923,0.05598629266023636,0.08472386002540588,0.1414967179298401,0.0,0.0,0.0,0.0
2027,181,2.5957716537712394,0.023169972002506256,0.030099013820290565,0.036952000111341476,0.047718800604343414,0.03564807027578354,0.05719422549009323,0.08449912816286087,0.13905274868011475,0.0,0.0,0.0,0.0
2027,182,2.593512007099414,0.023617377504706383,0.03027910180389881,0.03724020719528198,0.04830285534262657,0.03595707565546036,0.056604303419589996,0.08438676595687866,0.14065396785736084,0.0,0.0,0.0,0.0
2027,183,2.590643109580283,0.023635124787688255,0.030390113592147827,0.037465400993824005,0.04852649196982384,0.03550761193037033,0.05649193748831749,0.08472386002540588,0.14065396785736084,0.0,0.0,0.0,0.0
2027,184,2.587931211178119,0.023021018132567406,0.02975827269256115,0.036782193928956985,0.04785950481891632,0.03522669896483421,0.05612674728035927,0.08419012278318405,0.14040113985538483,0.0,0.0,0.0,0.0
2027,185,2.5850783948473604,0.022986462339758873,0.02989165112376213,0.03709143400192261,0.04809265956282616,0.03455250337719917,0.055930107831954956,0.08461149781942368,0.14037305116653442,0.0,0.0,0.0,0.0
2027,186,2.582661154460006,0.023312514647841454,0.02995825931429863,0.03714023903012276,0.0481104776263237,0.03550761193037033,0.05615483969449997,0.08475194871425629,0.14054159820079803,0.0,0.0,0.0,0.0
2027,187,2.5807957826194814,0.02339131385087967,0.030431410297751427,0.0371948666870594,0.04820762947201729,0.03584470972418785,0.05764368921518326,0.08461149781942368,0.14034496247768402,0.0,0.0,0.0,0.0
2027,188,2.5781851162312,0.02312828227877617,0.030033884570002556,0.037000879645347595,0.04804905503988266,0.03545143082737923,0.056941401213407516,0.08463958650827408,0.14065396785736084,0.0,0.0,0.0,0.0
2027,189,2.5764670034169184,0.023583462461829185,0.030148575082421303,0.03709033131599426,0.048400167375802994,0.03587280213832855,0.056239113211631775,0.08385302871465683,0.14110343158245087,0.0,0.0,0.0,0.0
2027,190,2.575739833185708,0.023419775068759918,0.03007756918668747,0.03722409904003143,0.04817770794034004,0.03556379675865173,0.056239113211631775,0.08475194871425629,0.14023259282112122,0.0,0.0,0.0,0.0
2027,191,2.574300509876246,0.02367241494357586,0.030330171808600426,0.03739308938384056,0.04868125170469284,0.035900894552469254,0.056576211005449295,0.08461149781942368,0.1418338119983673,0.0,0.0,0.0,0.0
2027,192,2.5724175378539464,0.023498985916376114,0.030551228672266006,0.0375017374753952,0.0484965555369854,0.03553570434451103,0.057418957352638245,0.0850890502333641,0.14076633751392365,0.0,0.0,0.0,0.0
2027,193,2.5708266984113313,0.023671528324484825,0.030529623851180077,0.03739900141954422,0.048433419317007065,0.03550761193037033,0.056744761765003204,0.08404966443777084,0.1398674100637436,0.0,0.0,0.0,0.0
2027,194,2.569392201388896,0.02360316552221775,0.03051834926009178,0.03726691007614136,0.048379331827163696,0.03578852862119675,0.05730659142136574,0.08424630761146545,0.14045733213424683,0.0,0.0,0.0,0.0
2027,195,2.569111467212157,0.023630710318684578,0.03034995123744011,0.037467364221811295,0.04863417148590088,0.03595707565546036,0.05682903528213501,0.08517332375049591,0.1417214423418045,0.0,0.0,0.0,0.0
2027,196,2.568312951266846,0.023710688576102257,0.030296528711915016,0.03743398189544678,0.04863329604268074,0.03604134917259216,0.05654812231659889,0.0848924070596695,0.1416371762752533,0.0,0.0,0.0,0.0
2027,197,2.5681794802991322,0.0236570592969656,0.03052174486219883,0.037571460008621216,0.04864593967795372,0.035395245999097824,0.056744761765003204,0.08483622968196869,0.14090679585933685,0.0,0.0,0.0,0.0
2027,198,2.566422127519059,0.023513315245509148,0.030477965250611305,0.03740150108933449,0.048509132117033005,0.035591885447502136,0.057250406593084335,0.08486431837081909,0.14107534289360046,0.0,0.0,0.0,0.0
2027,199,2.566977309794561,0.023591358214616776,0.030560877174139023,0.03740973398089409,0.048592373728752136,0.03567616268992424,0.05736277252435684,0.08466767519712448,0.14130006730556488,0.0,0.0,0.0,0.0
2027,200,2.5667468430059643,0.02312575653195381,0.02993088774383068,0.03714827448129654,0.048216771334409714,0.03556379675865173,0.0566885769367218,0.08539805561304092,0.1415248066186905,0.0,0.0,0.0,0.0
2028,1,7.853193692350194,0.002892059274017811,0.0034048878587782383,0.0039506531320512295,0.0039506531320512295,0.003511433256790042,0.005056463647633791,0.007163323927670717,0.007163323927670717,0.0,0.0,0.21640543639659882,0.6865621209144592
2028,2,6.5901892432960585,0.005021984688937664,0.006010472774505615,0.007743654306977987,0.009239399805665016,0.0076408786699175835,0.010787122882902622,0.01766953244805336,0.024748580530285835,0.0,0.0,0.0,0.38326990604400635
2028,3,5.84855338661616,0.004747824743390083,0.005975193344056606,0.00799498986452818,0.011917967349290848,0.0076408786699175835,0.01148940995335579,0.019467385485768318,0.03932805359363556,0.0,0.0,0.0,0.059999994933605194
2028,4,5.355547678454524,0.0050629922188818455,0.0065423487685620785,0.008842743001878262,0.012679524719715118,0.00775324460119009,0.012416427955031395,0.02165851928293705,0.04078880697488785,0.0,0.0,0.0,0.0
2028,5,4.852246270327755,0.005086169578135014,0.006828636862337589,0.008842759765684605,0.012875007465481758,0.007781336084008217,0.01317489705979824,0.021209057420492172,0.041743919253349304,0.0,0.0,0.0,0.0
2028,6,4.393654271175987,0.005382302682846785,0.006735685747116804,0.009528513997793198,0.013192507438361645,0.008286982774734497,0.012500702403485775,0.023793471977114677,0.042221471667289734,0.0,0.0,0.0,0.0
2028,7,4.052616355229325,0.005182531662285328,0.006593313999474049,0.009249700233340263,0.012626485899090767,0.008062250912189484,0.012444519437849522,0.023091183975338936,0.040030337870121,0.0,0.0,0.0,0.0
2028,8,3.8066157470991415,0.005310137290507555,0.006569652818143368,0.008881253190338612,0.01300620473921299,0.008062250912189484,0.012023147195577621,0.021265240386128426,0.04177200794219971,0.0,0.0,0.0,0.0
2028,9,3.6265200497167798,0.005265225190669298,0.0068629952147603035,0.008999398909509182,0.013017719611525536,0.007977976463735104,0.013006349094212055,0.02151806280016899,0.041743919253349304,0.0,0.0,0.0,0.0
2028,10,3.5087581784458135,0.005310137290507555,0.006639139726758003,0.008524245582520962,0.012693456374108791,0.008062250912189484,0.012247879058122635,0.019776392728090286,0.04045170918107033,0.0,0.0,0.0,0.0
2028,11,3.443864118071542,0.005266668274998665,0.006939379032701254,0.008841411210596561,0.012756437063217163,0.007949884980916977,0.01317489705979824,0.020759593695402145,0.04067644104361534,0.0,0.0,0.0,0.0
2028,12,3.4103967178205727,0.005315825808793306,0.006663960870355368,0.008747418411076069,0.012665417976677418,0.00834316574037075,0.012556885369122028,0.02084386721253395,0.040760718286037445,0.0,0.0,0.0,0.0
2028,13,3.4002517978189446,0.005310137290507555,0.006642159074544907,0.008913803845643997,0.012547100894153118,0.008062250912189484,0.012219787575304508,0.021574245765805244,0.040030337870121,0.0,0.0,0.0,0.0
2028,14,3.3975581672349278,0.005539580713957548,0.006639578379690647,0.008964193053543568,0.01265025231987238,0.00865217112004757,0.012107421644032001,0.02132142335176468,0.03988988324999809,0.0,0.0,0.0,0.0
2028,15,3.3789396218442724,0.005266668274998665,0.006648143753409386,0.008500941097736359,0.012662704102694988,0.007949884980916977,0.012219787575304508,0.01966402679681778,0.040592167526483536,0.0,0.0,0.0,0.0
2028,16,3.368921597476913,0.004990333691239357,0.006336357444524765,0.00821769516915083,0.012349563650786877,0.00775324460119009,0.011938872747123241,0.019383111968636513,0.040255069732666016,0.0,0.0,0.0,0.0
2028,17,3.3508690111389368,0.005146470852196217,0.006571498233824968,0.009206428192555904,0.012885848991572857,0.008230799809098244,0.012669251300394535,0.023259732872247696,0.04205292463302612,0.0,0.0,0.0,0.0
2028,18,3.334728508664851,0.005120419897139072,0.006484420504420996,0.008485364727675915,0.012665116228163242,0.007781336084008217,0.012051238678395748,0.020085398107767105,0.04115399718284607,0.0,0.0,0.0,0.0
2028,19,3.338901269773723,0.005086978897452354,0.006411369424313307,0.008670676499605179,0.012084976769983768,0.00766897015273571,0.011742232367396355,0.0208157766610384,0.038063935935497284,0.0,0.0,0.0,0.0
2028,20,3.328259761838617,0.005397075321525335,0.006645604502409697,0.008707471191883087,0.012885896489024162,0.008286982774734497,0.012191696092486382,0.02047867886722088,0.04129445552825928,0.0,0.0,0.0,0.0
2028,21,3.3202572087688162,0.0046304743736982346,0.006141061428934336,0.008060259744524956,0.012823802419006824,0.007697061635553837,0.012472610920667648,0.02016967162489891,0.04421596601605415,0.0,0.0,0.0,0.0
2028,22,3.3169071503818115,0.005266668274998665,0.006621363572776318,0.008934542536735535,0.013154249638319016,0.007949884980916977,0.012247879058122635,0.021574245765805244,0.042923759669065475,0.0,0.0,0.0,0.0
2028,23,3.312490714867266,0.0051442417316138744,0.006471794564276934,0.008853155188262463,0.012530761770904064,0.007697061635553837,0.011826506815850735,0.021265240386128426,0.03983369842171669,0.0,0.0,0.0,0.03936794027686119
2028,24,3.30776794333207,0.0053012678399682045,0.006573143415153027,0.008762872777879238,0.01275323610752821,0.008146525360643864,0.012191696092486382,0.020928142592310905,0.041238270699977875,0.0,0.0,0.0,0.0
2028,25,3.304704134280865,0.005315825808793306,0.006800082977861166,0.008685477077960968,0.012212682515382767,0.00834316574037075,0.013062532059848309,0.02064722776412964,0.038316760212183,0.0,0.0,0.0,0.0
2028,26,3.30241704823678,0.005182531662285328,0.006654184311628342,0.009045569226145744,0.01264103502035141,0.008062250912189484,0.012669251300394535,0.022248441353440285,0.04036743566393852,0.0,0.0,0.0,0.0
2028,27,3.2986217844984953,0.0053023481741547585,0.006435392424464226,0.008808434940874577,0.012578745372593403,0.008062250912189484,0.011601774953305721,0.021096691489219666,0.040030337870121,0.0,0.0,0.0,0.0
2028,28,3.2925366402959373,0.005207153502851725,0.006611059885472059,0.008570926263928413,0.012528042308986187,0.008062250912189484,0.012444519437849522,0.02000112272799015,0.04028316214680672,0.0,0.0,0.0,0.0
2028,29,3.291309155272408,0.005231774877756834,0.006604717578738928,0.008998285047709942,0.01217354740947485,0.008286982774734497,0.012556885369122028,0.022248441353440285,0.0383448526263237,0.0,0.0,0.0,0.0
2028,30,3.2932597892647975,0.005244045052677393,0.006733272690325975,0.00914839282631874,0.012926542200148106,0.008062250912189484,0.012697342783212662,0.022473173215985298,0.041603460907936096,0.0,0.0,0.0,0.0
2028,31,3.287781971508031,0.005268666427582502,0.006949691101908684,0.008717823773622513,0.012027370743453503,0.008062250912189484,0.013287262991070747,0.02031012997031212,0.03696836903691292,0.0,0.0,0.0,0.0
2028,32,3.2888583570678547,0.005310137290507555,0.006901255808770657,0.009351767599582672,0.012837279587984085,0.008062250912189484,0.013006349094212055,0.022782178595662117,0.04028316214680672,0.0,0.0,0.0,0.0
2028,33,3.2829150111086456,0.005084726493805647,0.006388082168996334,0.008265795186161995,0.012221924029290676,0.0078094275668263435,0.011938872747123241,0.019411202520132065,0.03949660062789917,0.0,0.0,0.0,0.0
2028,34,3.2809082206926847,0.005231774877756834,0.006519582588225603,0.00873547699302435,0.012749182060360909,0.008286982774734497,0.012332153506577015,0.021209057420492172,0.04121018201112747,0.0,0.0,0.0,0.0
2028,35,3.280230534704108,0.005304958671331406,0.006727310828864574,0.008784265257418156,0.012412244454026222,0.008315074257552624,0.012753525748848915,0.020900050178170204,0.03929996117949486,0.0,0.0,0.0,0.0
2028,36,3.2813316839426636,0.005311368498951197,0.0067174979485571384,0.009230513125658035,0.013270659372210503,0.008062250912189484,0.012416427955031395,0.022585539147257805,0.043064218014478683,0.0,0.0,0.0,0.0
2028,37,3.2795038879641636,0.005659283138811588,0.006995213218033314,0.008963903412222862,0.01305269543081522,0.009017360396683216,0.013231080025434494,0.021096691489219666,0.04182819277048111,0.0,0.0,0.0,0.01405247487127781
2028,38,3.2764973289731705,0.00553640304133296,0.006693584844470024,0.008967209607362747,0.012345373630523682,0.00865217112004757,0.012275970540940762,0.021461879834532738,0.03862576559185982,0.0,0.0,0.0,0.08726951479911804
2028,39,3.2755727774379384,0.005592686124145985,0.006753680761903524,0.008975032716989517,0.012688162736594677,0.008792628534138203,0.012416427955031395,0.02118096500635147,0.03988988324999809,0.0,0.0,0.0,0.0
2028,40,3.2741175772529223,0.0051419916562736034,0.006887108087539673,0.00857569556683302,0.011913076043128967,0.00766897015273571,0.013146805576980114,0.019888758659362793,0.0366031788289547,0.0,0.0,0.0,0.0
2028,41,3.2721999019746355,0.005310137290507555,0.006594218313694,0.008729125373065472,0.012377263978123665,0.008062250912189484,0.012107421644032001,0.020703410729765892,0.03932805359363556,0.0,0.0,0.0,0.014248552732169628
2028,42,3.2762641263233343,0.004980150144547224,0.006752146873623133,0.008844764903187752,0.013005477376282215,0.007697061635553837,0.01325917150825262,0.021574245765805244,0.04230574890971184,0.0,0.0,0.0,0.0
2028,43,3.2761657987689845,0.005155108869075775,0.006909820716828108,0.009085718542337418,0.012749922461807728,0.0077251531183719635,0.013146805576980114,0.02182706817984581,0.04053598642349243,0.0,0.0,0.0,0.0
2028,44,3.267144223134688,0.005299270153045654,0.006455964408814907,0.008923783898353577,0.012586718425154686,0.008034159429371357,0.011629866436123848,0.02134951390326023,0.03966515138745308,0.0,0.0,0.0,0.0
2028,45,3.270038440642569,0.004738247022032738,0.006475724279880524,0.008697109296917915,0.01218084990978241,0.006854317616671324,0.012247879058122635,0.021209057420492172,0.03882240504026413,0.0,0.0,0.0,0.033165343105793
2028,46,3.268487532290048,0.005418810062110424,0.006626724265515804,0.009134592488408089,0.01297354232519865,0.00834316574037075,0.012163604609668255,0.022136075422167778,0.0416315533220768,0.0,0.0,0.0,0.0
2028,47,3.2628968399063294,0.00535560492426157,0.0067824251018464565,0.009113902226090431,0.01297138724476099,0.008286982774734497,0.012753525748848915,0.021883251145482063,0.04121018201112747,0.0,0.0,0.0,0.0
2028,48,3.259323056410199,0.005303515121340752,0.006578539498150349,0.008704087696969509,0.012281407602131367,0.00834316574037075,0.012332153506577015,0.02084386721253395,0.03896286338567734,0.0,0.0,0.0,0.019867969676852226
2028,49,3.2597462474575893,0.005144836846739054,0.0066055236384272575,0.009020799770951271,0.012531342916190624,0.008062250912189484,0.012669251300394535,0.022220348939299583,0.040030337870121,0.0,0.0,0.0,0.0
2028,50,3.252220661855741,0.005083214491605759,0.00655389716848731,0.008413334377110004,0.011939380317926407,0.008062250912189484,0.012584976851940155,0.02000112272799015,0.037586379796266556,0.0,0.0,0.0,0.0
2028,51,3.2483376185742787,0.005134138278663158,0.006757079623639584,0.009407564997673035,0.012894500978291035,0.007949884980916977,0.013062532059848309,0.023540647700428963,0.04101353883743286,0.0,0.0,0.0,0.0
2028,52,3.2488448806458963,0.00544362235814333,0.007017838768661022,0.008878582157194614,0.012762405909597874,0.00842744018882513,0.013343445956707,0.020731501281261444,0.04036743566393852,0.0,0.0,0.0,0.0
2028,53,3.231115175805755,0.006345788016915321,0.008809376507997513,0.01174371037632227,0.01677507348358631,0.010759031400084496,0.018456093966960907,0.030282599851489067,0.055761560797691345,0.0,0.0,0.0,0.0
2028,54,3.185831796785115,0.007096646819263697,0.009668991900980473,0.013113192282617092,0.018157154321670532,0.011152312159538269,0.01918647065758705,0.032923199236392975,0.058430250734090805,0.0,0.0,0.0,0.0
2028,55,3.161066105812989,0.007369270548224449,0.010364001616835594,0.01380517054349184,0.0189361609518528,0.011657957918941975,0.02098432555794716,0.03483341634273529,0.06084611639380455,0.0,0.0,0.0,0.0
2028,56,3.151138295689736,0.007593678310513496,0.010388977825641632,0.014263371005654335,0.020462004467844963,0.012079330161213875,0.020759593695402145,0.03618180751800537,0.06755997240543365,0.0,0.0,0.0,0.0
2028,57,3.1692882742476365,0.007851534523069859,0.010451093316078186,0.013789156451821327,0.01984354667365551,0.012613068334758282,0.02064722776412964,0.03401876613497734,0.06475082784891129,0.0,0.0,0.0,0.0
2028,58,3.161462132264728,0.008083955384790897,0.011624096892774105,0.015445515513420105,0.020822642371058464,0.012641159817576408,0.023793471977114677,0.03904713690280914,0.06626776605844498,0.0,0.0,0.0,0.0
2028,59,3.136241752287315,0.006705240346491337,0.009866111911833286,0.01429797150194645,0.0206594318151474,0.010646665468811989,0.020534861832857132,0.03817630186676979,0.07039721310138702,0.0,0.0,0.0,0.0
2028,60,3.1291871482704976,0.00913278665393591,0.012347160838544369,0.01641845703125,0.02204436995089054,0.015028933994472027,0.025057587772607803,0.041266363114118576,0.06977920234203339,0.0,0.0,0.0,0.0
2028,61,3.1243554104355824,0.00852130725979805,0.012116260826587677,0.016197411343455315,0.022755492478609085,0.01359626930207014,0.02483285591006279,0.04115399718284607,0.07433001697063446,0.0,0.0,0.0,0.0
2028,62,3.1167831955007537,0.009479129686951637,0.012875163927674294,0.017585953697562218,0.02402445487678051,0.01525366585701704,0.025872239843010902,0.04452497512102127,0.07730771601200104,0.0,0.0,0.0,0.0
2028,63,3.1087340494560003,0.008806689642369747,0.012942333705723286,0.017972605302929878,0.024369655176997185,0.014242373406887054,0.02713635563850403,0.04716557264328003,0.07961121201515198,0.0,0.0,0.0,2.2473172975878697e-06
2028,64,3.09805002418446,0.01013987511396408,0.013686250895261765,0.018562646582722664,0.025946063920855522,0.016714422032237053,0.02781055122613907,0.047277938574552536,0.08480813354253769,0.0,0.0,0.0,0.0
2028,65,3.089056760515118,0.01079889852553606,0.014525623060762882,0.019344087690114975,0.0265998262912035,0.016882970929145813,0.028456654399633408,0.047727398574352264,0.08458340167999268,0.0,0.0,0.0,0.0
2028,66,3.0822199114903746,0.009533524513244629,0.013776243664324284,0.01825345866382122,0.025179432705044746,0.015618855133652687,0.028962301090359688,0.04682847484946251,0.08191471546888351,0.0,0.0,0.0,0.0
2028,67,3.077094793319702,0.010041315108537674,0.013690482825040817,0.018806101754307747,0.026451651006937027,0.015703128650784492,0.027108265087008476,0.04747457802295685,0.08612843602895737,0.0,0.0,0.0,0.0
2028,68,3.072231918211408,0.011265581473708153,0.015126894228160381,0.01973055489361286,0.027395637705922127,0.018540367484092712,0.030591607093811035,0.048907242715358734,0.08781392127275467,0.0,0.0,0.0,0.0
2028,69,3.0759616133011627,0.011110975407063961,0.015134123153984547,0.019592199474573135,0.027329307049512863,0.01800663024187088,0.03050733171403408,0.048261139541864395,0.08744873106479645,0.0,0.0,0.0,0.0
2028,70,3.063636802951334,0.01195237785577774,0.01617363654077053,0.02115217037498951,0.028819646686315536,0.019242653623223305,0.03247373551130295,0.05230630934238434,0.09112871438264847,0.0,0.0,0.0,0.0
2028,71,3.0569802723754593,0.012822594493627548,0.017078043892979622,0.02261028066277504,0.030224749818444252,0.02067531831562519,0.03393448889255524,0.055902015417814255,0.09441541880369186,0.0,0.0,0.0,0.0
2028,72,3.0502151532372643,0.01201543491333723,0.016534248366951942,0.021669842302799225,0.029253290966153145,0.019074104726314545,0.033260297030210495,0.05365470051765442,0.09208382666110992,0.0,0.0,0.0,0.0
2028,73,3.0423563935978692,0.012586208060383797,0.01705906353890896,0.022567052394151688,0.030519351363182068,0.019944941624999046,0.03385021537542343,0.05578964948654175,0.09612899273633957,0.0,0.0,0.0,0.0
2028,74,3.0358190037782697,0.013379060663282871,0.01824905537068844,0.023506702855229378,0.03160065412521362,0.021377606317400932,0.0366031788289547,0.05753132328391075,0.09857295453548431,0.0,0.0,0.0,0.0
2028,75,3.0290607151232267,0.013071623630821705,0.017141809687018394,0.02251349948346615,0.03075828216969967,0.02098432555794716,0.03362548351287842,0.0550311803817749,0.0966908261179924,0.0,0.0,0.0,0.0
2028,76,3.0299245567939543,0.0120663121342659,0.017040511593222618,0.022409390658140182,0.03079928085207939,0.018877465277910233,0.034412045031785965,0.05581774190068245,0.0983482226729393,0.0,0.0,0.0,0.0
2028,77,3.022825408721903,0.014542322605848312,0.018953943625092506,0.024616941809654236,0.03244177997112274,0.02314736694097519,0.03694027662277222,0.059581998735666275,0.09938760846853256,0.0,0.0,0.0,0.0
2028,78,3.0182741553838115,0.013828687369823456,0.018970709294080734,0.024211864918470383,0.03269750624895096,0.022388897836208344,0.03845721855759621,0.059216808527708054,0.10233721137046814,0.0,0.0,0.0,0.0
2028,79,3.015084928829178,0.0126521997153759,0.017043892294168472,0.02254626154899597,0.030459553003311157,0.02000112272799015,0.033765941858291626,0.05567728355526924,0.09576380997896194,0.0,0.0,0.0,0.0
2028,80,3.012209499734938,0.013490214943885803,0.018079383298754692,0.023980719968676567,0.032095927745103836,0.020900050178170204,0.03519860655069351,0.058739256113767624,0.0998932495713234,0.0,0.0,0.0,0.0
2028,81,3.0033897140569854,0.014603736810386181,0.01971377246081829,0.025231773033738136,0.033732857555150986,0.02303500287234783,0.03896286338567734,0.06084611639380455,0.10393842309713364,0.0,0.0,0.0,0.0
2028,82,3.004464639504107,0.013715513981878757,0.01872866041958332,0.024589061737060547,0.03296017646789551,0.021883251145482063,0.037445925176143646,0.060902297496795654,0.10332041233778,0.0,0.0,0.0,0.0
2028,83,2.9968370525782246,0.01379550900310278,0.019314542412757874,0.02510809153318405,0.033624228090047836,0.022107983008027077,0.039271868765354156,0.062222596257925034,0.10545536130666733,0.0,0.0,0.0,0.0
2028,84,2.9934815038070988,0.014533311128616333,0.019187159836292267,0.024944603443145752,0.033907461911439896,0.022725995630025864,0.03727737441658974,0.060228101909160614,0.10556773096323013,0.0,0.0,0.0,8.427438842772972e-06
2028,85,2.9871599558393966,0.015042289160192013,0.02037240006029606,0.02584247849881649,0.03462539240717888,0.02384965494275093,0.04031125456094742,0.06213832274079323,0.10646665841341019,0.0,0.0,0.0,0.0
2028,86,2.9831353768645994,0.013401519507169724,0.018363891169428825,0.02385350503027439,0.032655294984579086,0.021265240386128426,0.036771729588508606,0.05865497887134552,0.103292316198349,0.0,0.0,0.0,0.0
2028,87,2.9784224811996687,0.014375763945281506,0.019568808376789093,0.02517082914710045,0.03360966593027115,0.022894544526934624,0.03913141041994095,0.061407946050167084,0.10416315495967865,0.0,0.0,0.0,0.0
2028,88,2.974997911697779,0.013877255842089653,0.018898386508226395,0.024885622784495354,0.03364603966474533,0.02182706817984581,0.03747401386499405,0.06137985363602638,0.10565200448036194,0.0,0.0,0.0,0.0
2028,89,2.9727528301166943,0.01556488685309887,0.020498862490057945,0.026488477364182472,0.03507271781563759,0.025085678324103355,0.04047980159521103,0.06432946026325226,0.10778695344924927,0.0,0.0,0.0,0.0
2028,90,2.966051991651898,0.014020494185388088,0.01963975466787815,0.02570105902850628,0.034294530749320984,0.021798977628350258,0.03938423469662666,0.06348671019077301,0.10683184117078781,0.0,0.0,0.0,1.1236586487939348e-06
2028,91,2.96015440822452,0.01487816870212555,0.019960379227995872,0.026369506493210793,0.03528048098087311,0.023400191217660904,0.03921568766236305,0.06466655433177948,0.10964099317789078,0.0,0.0,0.0,0.0
2028,92,2.9597895422123384,0.015366580337285995,0.02054004929959774,0.0264529287815094,0.0349891260266304,0.024720489978790283,0.040929265320301056,0.06446991115808487,0.10775886476039886,0.0,0.0,0.0,5.618293243969674e-07
2028,93,2.954062348274406,0.01707766391336918,0.02229982241988182,0.028635380789637566,0.03764472156763077,0.02702398970723152,0.0433732233941555,0.06851508468389511,0.11413562297821045,0.0,0.0,0.0,0.0
2028,94,2.950011687722766,0.015343587845563889,0.02057003043591976,0.026583105325698853,0.03556238114833832,0.024608124047517776,0.040929265320301056,0.06480701267719269,0.11034327745437622,0.0,0.0,0.0,0.0
2028,95,2.944277559053882,0.015383945778012276,0.02036224864423275,0.02644776925444603,0.03523320332169533,0.02480476349592209,0.04028316214680672,0.06446991115808487,0.10905107110738754,0.0,0.0,0.0,0.0
2028,96,2.944862527564148,0.014620468020439148,0.019388241693377495,0.025190193206071854,0.03405919298529625,0.022782178595662117,0.03767065703868866,0.06070565804839134,0.10570818930864334,0.0,0.0,0.0,0.0
2028,97,2.9380201456839576,0.015265969559550285,0.020657766610383987,0.026946669444441795,0.03656606748700142,0.02418675273656845,0.04095735773444176,0.06593067198991776,0.11452890932559967,0.0,0.0,0.0,5.618293243969674e-07
2028,98,2.9314594410369916,0.01559568103402853,0.02101985737681389,0.027056662365794182,0.036190155893564224,0.024411484599113464,0.041406821459531784,0.06539693474769592,0.1116354838013649,0.0,0.0,0.0,0.0
2028,99,2.9271150613442445,0.015185615047812462,0.02006557025015354,0.025969503447413445,0.03596219792962074,0.02415866032242775,0.03932805359363556,0.06286869943141937,0.11354570835828781,0.0,0.0,0.0,5.618293243969674e-07
2028,100,2.9243422957406193,0.015801357105374336,0.02129742130637169,0.027301717549562454,0.03687852621078491,0.02516995370388031,0.04216529056429863,0.06612730771303177,0.11466936022043228,0.0,0.0,0.0,0.0
2028,101,2.918007989644039,0.015951180830597878,0.02131703309714794,0.027170054614543915,0.03640137240290642,0.025619417428970337,0.042277656495571136,0.06562166661024094,0.11242204904556274,0.0,0.0,0.0,0.0
2028,102,2.916147535468242,0.015310301445424557,0.021118029952049255,0.027096793055534363,0.03639041259884834,0.02415866032242775,0.042277656495571136,0.06604303419589996,0.11318051815032959,0.0,0.0,0.0,0.0
2028,103,2.9117607562004637,0.01627076044678688,0.021536443382501602,0.027856767177581787,0.03717273101210594,0.02584414929151535,0.04233383759856224,0.06741952151060104,0.11466936022043228,0.0,0.0,0.0,0.0
2028,104,2.9092961654328464,0.016931338235735893,0.0227605439722538,0.02896387130022049,0.038353778421878815,0.02550705149769783,0.043738413602113724,0.06848699599504471,0.11607393622398376,0.0,0.0,0.0,0.0
2028,105,2.9039427259190362,0.015958072617650032,0.021038416773080826,0.027582043781876564,0.03707796707749367,0.025450868532061577,0.04132254794239998,0.06744761019945145,0.11568065732717514,0.0,0.0,0.0,0.0
2028,106,2.899162148978868,0.016248421743512154,0.021401138976216316,0.027755478397011757,0.03696305304765701,0.02615315467119217,0.04216529056429863,0.06747569888830185,0.11413562297821045,0.0,0.0,0.0,0.0
2028,107,2.895810322562049,0.016155607998371124,0.021685227751731873,0.02813716232776642,0.03768947720527649,0.025282319635152817,0.04247429594397545,0.0682341679930687,0.1166357696056366,0.0,0.0,0.0,0.0
2028,108,2.891308157711055,0.016613494604825974,0.022247711196541786,0.028711970895528793,0.03830314427614212,0.026068881154060364,0.043569862842559814,0.06921736896038055,0.11781560629606247,0.0,0.0,0.0,1.1236586487939348e-06
2028,109,2.8905063251412995,0.01825805753469467,0.023264050483703613,0.029300818219780922,0.03872546926140785,0.02851283736526966,0.04415978491306305,0.06809370964765549,0.11565256118774414,0.0,0.0,0.0,0.0
2028,110,2.8819467033612742,0.016904626041650772,0.022381849586963654,0.02853616699576378,0.03844623640179634,0.02649025246500969,0.043569862842559814,0.06817799061536789,0.1183212548494339,0.0,0.0,0.0,4.494634595175739e-06
2028,111,2.877683786245493,0.01729283295571804,0.022566156461834908,0.0289751086384058,0.03840817138552666,0.026883533224463463,0.0432889498770237,0.06882409006357193,0.116663858294487,0.0,0.0,0.0,0.0
2028,112,2.874257528830154,0.015956822782754898,0.021541811525821686,0.02794266864657402,0.0374375581741333,0.02550705149769783,0.04295185208320618,0.0683184415102005,0.11638294160366058,0.0,0.0,0.0,0.0
2028,113,2.869665991761263,0.017041778191924095,0.022353844717144966,0.029140198603272438,0.03905578330159187,0.026602618396282196,0.043064218014478683,0.0700882077217102,0.12023147195577621,0.0,0.0,0.0,0.0
2028,114,2.8666023561346385,0.01781807281076908,0.023470042273402214,0.029703086242079735,0.03921119496226311,0.02848474681377411,0.04607000574469566,0.07090286165475845,0.11913590878248215,0.0,0.0,0.0,5.618293243969674e-07
2028,115,2.8612329046092375,0.017491251230239868,0.023210622370243073,0.02970721945166588,0.03932672739028931,0.02699589915573597,0.04480588808655739,0.07065003365278244,0.11952918767929077,0.0,0.0,0.0,5.618293243969674e-07
2028,116,2.857105310468378,0.017523622140288353,0.023322492837905884,0.029876848682761192,0.0397229939699173,0.027361087501049042,0.04545199126005173,0.0715489611029625,0.12143940478563309,0.0,0.0,0.0,0.0
2028,117,2.851571224961686,0.017003178596496582,0.02321302704513073,0.02974943071603775,0.040066201239824295,0.026630708947777748,0.04604191333055496,0.07205460965633392,0.12433283030986786,0.0,0.0,0.0,0.0
2028,118,2.847656283140504,0.017553523182868958,0.02312226966023445,0.02986997179687023,0.03978034853935242,0.027922917157411575,0.04533962532877922,0.07225125283002853,0.12259116023778915,0.0,0.0,0.0,0.0
2028,119,2.844629066032276,0.018414942547678947,0.024266326799988747,0.030585018917918205,0.040555182844400406,0.028709478676319122,0.04699702188372612,0.07213888317346573,0.12259116023778915,0.0,0.0,0.0,0.0
2028,120,2.838513578963183,0.01794235035777092,0.023974018171429634,0.030752964317798615,0.04101519286632538,0.028288105502724648,0.04716557264328003,0.07416146993637085,0.12596213817596436,0.0,0.0,0.0,0.0
2028,121,2.8341677240353684,0.01778215728700161,0.023517386987805367,0.029957305639982224,0.04006212577223778,0.028063373640179634,0.04587336257100105,0.0715770572423935,0.12273161113262177,0.0,0.0,0.0,0.0
2028,122,2.8290467535757666,0.018773674964904785,0.024562692269682884,0.031184932217001915,0.04163495823740959,0.029130849987268448,0.04713748022913933,0.07351536303758621,0.12638349831104279,0.0,0.0,0.0,0.0
2028,123,2.8260013301041123,0.019115477800369263,0.024982649832963943,0.03153235465288162,0.04150620847940445,0.029776953160762787,0.04803640767931938,0.07407719641923904,0.12461373955011368,0.0,0.0,0.0,0.0
2028,124,2.8214681312622814,0.019020864740014076,0.02491016685962677,0.0314638689160347,0.042052578181028366,0.0300297774374485,0.048401594161987305,0.07444238662719727,0.1282094568014145,0.0,0.0,0.0,0.0
2028,125,2.815426702924103,0.018849272280931473,0.02490425296127796,0.03133479505777359,0.0413987971842289,0.029748862609267235,0.048598237335681915,0.07421765476465225,0.1252036690711975,0.0,0.0,0.0,0.0
2028,126,2.8109880674544936,0.020127929747104645,0.025933491066098213,0.03243600204586983,0.04221954196691513,0.03132198378443718,0.04946907237172127,0.07531321793794632,0.1249789297580719,0.0,0.0,0.0,0.0
2028,127,2.8057974494903193,0.020063836127519608,0.026050515472888947,0.03264991566538811,0.04254022240638733,0.0308163370937109,0.049440979957580566,0.07559413462877274,0.12573739886283875,0.0,0.0,0.0,0.0
2028,128,2.803042631882888,0.01909461058676243,0.02490873821079731,0.031609777361154556,0.04215124621987343,0.029130849987268448,0.04716557264328003,0.07385246455669403,0.12736670672893524,0.0,0.0,0.0,0.0
2028,129,2.7967010657636098,0.019488710910081863,0.025369612500071526,0.03213149681687355,0.04227805882692337,0.030254509299993515,0.04848587140440941,0.07534131407737732,0.12694533169269562,0.0,0.0,0.0,0.0
2028,130,2.7931283562772187,0.019340405240654945,0.025412358343601227,0.03215625137090683,0.04213545843958855,0.030254509299993515,0.04913197457790375,0.07598741352558136,0.1266082376241684,0.0,0.0,0.0,2.2473172975878697e-06
2028,131,2.7873454869356555,0.020500848069787025,0.02691826969385147,0.03332768380641937,0.04309670627117157,0.030928703024983406,0.050929825752973557,0.07640878856182098,0.12596213817596436,0.0,0.0,0.0,0.0
2028,132,2.7841331369963735,0.019718743860721588,0.025818224996328354,0.03280432149767876,0.04262149706482887,0.03050733171403408,0.04966571182012558,0.07747626304626465,0.12725433707237244,0.0,0.0,0.0,0.0
2028,133,2.7792849016253927,0.01958862692117691,0.025318201631307602,0.032320328056812286,0.04259654879570007,0.03050733171403408,0.048429686576128006,0.07635260373353958,0.1284341812133789,0.0,0.0,0.0,0.0
2028,134,2.7766080520413667,0.019521528854966164,0.02591315284371376,0.0325516015291214,0.04272153601050377,0.030788246542215347,0.05062082037329674,0.07705488801002502,0.1285465508699417,0.0,0.0,0.0,0.0
2028,135,2.771264809828538,0.019442101940512657,0.025356633588671684,0.03223061561584473,0.04252456873655319,0.030394965782761574,0.04885105788707733,0.07609978318214417,0.12806899845600128,0.0,0.0,0.0,0.0
2028,136,2.767018099384591,0.02103322744369507,0.02729802578687668,0.03401649370789528,0.04402180761098862,0.03264228254556656,0.05216585099697113,0.07893701642751694,0.12975448369979858,0.0,0.0,0.0,0.0
2028,137,2.7614652853102175,0.021010907366871834,0.027238857001066208,0.033865585923194885,0.04468224570155144,0.03250182420015335,0.05199730396270752,0.0782628208398819,0.13301308453083038,0.0,0.0,0.0,0.0
2028,138,2.7565525018895363,0.021003616973757744,0.02757703699171543,0.03455033525824547,0.04515647515654564,0.03247373551130295,0.05289623141288757,0.08065059781074524,0.13455812633037567,0.0,0.0,0.0,0.0
2028,139,2.7523006974605093,0.021596791222691536,0.027688954025506973,0.033900123089551926,0.04481082409620285,0.032754648476839066,0.05182875320315361,0.076605424284935,0.1318613439798355,0.0,0.0,0.0,5.618293243969674e-07
2028,140,2.7491757531880365,0.02040960267186165,0.027140002697706223,0.03392253816127777,0.04431790113449097,0.0316871739923954,0.05267149955034256,0.07961121201515198,0.13236698508262634,0.0,0.0,0.0,0.0
2028,141,2.743100394765053,0.021165378391742706,0.02759832888841629,0.03453664481639862,0.044863682240247726,0.0333445705473423,0.0533456951379776,0.08090341836214066,0.1332659125328064,0.0,0.0,0.0,5.618293243969674e-07
2028,142,2.739175500496518,0.021873516961932182,0.028037341311573982,0.03478103503584862,0.04499643296003342,0.033597394824028015,0.05281195417046547,0.07963930815458298,0.1314680576324463,0.0,0.0,0.0,0.0
2028,143,2.734214839986783,0.021222611889243126,0.027541574090719223,0.034414514899253845,0.04503564536571503,0.03314793109893799,0.052783865481615067,0.080060675740242,0.13379965722560883,0.0,0.0,0.0,0.0
2028,144,2.7297642295338043,0.02276671677827835,0.029170045629143715,0.035707660019397736,0.04621380195021629,0.03488960117101669,0.05480644851922989,0.08095960319042206,0.13430529832839966,0.0,0.0,0.0,0.0
2028,145,2.724872818520838,0.02175113558769226,0.028094802051782608,0.03507868945598602,0.04558112472295761,0.034046854823827744,0.053767066448926926,0.08154952526092529,0.13475476205348969,0.0,0.0,0.0,0.0
2028,146,2.72199563780616,0.02172231301665306,0.027933495119214058,0.034537822008132935,0.045062579214572906,0.03399067372083664,0.053373783826828,0.07969548553228378,0.1331254541873932,0.0,0.0,0.0,0.0
2028,147,2.7151727760047244,0.021971577778458595,0.028497081249952316,0.03553469106554985,0.04612576216459274,0.03387830778956413,0.054244618862867355,0.08225180953741074,0.13601887226104736,0.0,0.0,0.0,0.0
2028,148,2.7110926586928477,0.02218805067241192,0.028698593378067017,0.03532114624977112,0.045896243304014206,0.03393448889255524,0.054244618862867355,0.08062250912189484,0.13422101736068726,0.0,0.0,0.0,0.0
2028,149,2.7089481614379265,0.0222480371594429,0.02890334092080593,0.03590443730354309,0.04623480141162872,0.03415922075510025,0.05480644851922989,0.08270127326250076,0.1350356787443161,0.0,0.0,0.0,0.0
2028,150,2.7013997211147416,0.02225472964346409,0.029000766575336456,0.03585546836256981,0.046685583889484406,0.034046854823827744,0.0549749992787838,0.08227990567684174,0.13719871640205383,0.0,0.0,0.0,0.0
2028,151,2.6975731508612792,0.022343667224049568,0.02875969372689724,0.035930734127759933,0.04671930521726608,0.034383952617645264,0.05427271127700806,0.08275745809078217,0.13747963309288025,0.0,0.0,0.0,0.0
2028,152,2.693621163104388,0.023152168840169907,0.029648546129465103,0.03666319698095322,0.047444771975278854,0.03522669896483421,0.055396370589733124,0.0832631066441536,0.13787291944026947,0.0,0.0,0.0,0.0
2028,153,2.6882969866558284,0.023377129808068275,0.030104683712124825,0.037262652069330215,0.047975827008485794,0.035423338413238525,0.05635147914290428,0.08480813354253769,0.13899657130241394,0.0,0.0,0.0,0.0
2028,154,2.684503029876071,0.021989447996020317,0.02889210730791092,0.036128897219896317,0.04722442105412483,0.033765941858291626,0.055255912244319916,0.08410584926605225,0.14048542082309723,0.0,0.0,0.0,0.0
2028,155,2.6796044904371668,0.023039015009999275,0.029493240639567375,0.036567702889442444,0.04739882051944733,0.035395245999097824,0.055396370589733124,0.08362829685211182,0.13860328495502472,0.0,0.0,0.0,0.0
2028,156,2.6747348166992144,0.02215169556438923,0.029325775802135468,0.036227088421583176,0.04744403064250946,0.033597394824028015,0.05598629266023636,0.08354401588439941,0.14040113985538483,0.0,0.0,0.0,0.0
2028,157,2.6711116892445266,0.02357531525194645,0.02998404949903488,0.03723226115107536,0.048339564353227615,0.03584470972418785,0.055761560797691345,0.08455531299114227,0.14073824882507324,0.0,0.0,0.0,0.0
2028,158,2.6678188075581706,0.0233922116458416,0.030062800273299217,0.03699125722050667,0.0481201596558094,0.03531097248196602,0.05595820024609566,0.08357211202383041,0.1399797797203064,0.0,0.0,0.0,0.0
2028,159,2.6615675116679287,0.023176996037364006,0.029555778950452805,0.03648069128394127,0.04760460928082466,0.03612562641501427,0.055930107831954956,0.08348783850669861,0.1397831290960312,0.0,0.0,0.0,0.0
2028,160,2.658311902752772,0.023235198110342026,0.02992871031165123,0.037123311311006546,0.0479365736246109,0.03570425137877464,0.056407663971185684,0.08514523506164551,0.1399235874414444,0.0,0.0,0.0,0.0
2028,161,2.652625387014165,0.023676401004195213,0.030385922640562057,0.03762919083237648,0.048355165868997574,0.03646272420883179,0.05733468011021614,0.08624079823493958,0.14059779047966003,0.0,0.0,0.0,0.0
2028,162,2.6493924809531806,0.02379496581852436,0.03035365231335163,0.03734883666038513,0.04846987500786781,0.0366874560713768,0.05705376714468002,0.0848924070596695,0.14132817089557648,0.0,0.0,0.0,0.0
2028,163,2.6436516443888345,0.024473698809742928,0.030770957469940186,0.03821387514472008,0.04950852692127228,0.03716500848531723,0.0566885769367218,0.08624079823493958,0.14360357820987701,0.0,0.0,0.0,0.0
2028,164,2.640786649083641,0.023545756936073303,0.030017981305718422,0.03720596060156822,0.04810267314314842,0.036266081035137177,0.05637957155704498,0.0850047767162323,0.1402045041322708,0.0,0.0,0.0,0.0
2028,165,2.6367255650390335,0.02381494827568531,0.030486414209008217,0.03771843761205673,0.04884509742259979,0.036912187933921814,0.05767177790403366,0.08643744140863419,0.14292937517166138,0.0,0.0,0.0,0.0
2028,166,2.632337142259647,0.024025894701480865,0.03057396039366722,0.03785620257258415,0.049051281064748764,0.03716500848531723,0.05744704604148865,0.08646553009748459,0.143097922205925,0.0,0.0,0.0,0.0
2028,167,2.6290206143408814,0.02395879663527012,0.030827036127448082,0.03821275010704994,0.049332406371831894,0.03618180751800537,0.05750323086977005,0.08683072030544281,0.1431822031736374,0.0,0.0,0.0,0.0
2028,168,2.624393027160171,0.024231595918536186,0.03068583458662033,0.038072578608989716,0.049317050725221634,0.036743637174367905,0.056744761765003204,0.08607225120067596,0.1432383805513382,0.0,0.0,0.0,0.0
2028,169,2.620173473589816,0.024376366287469864,0.030952900648117065,0.03824482858181,0.049313195049762726,0.03702455013990402,0.057559411972761154,0.08646553009748459,0.14259228110313416,0.0,0.0,0.0,0.0
2028,170,2.616495179100397,0.024043938145041466,0.031077390536665916,0.03824612498283386,0.04947110638022423,0.036575090140104294,0.05848643183708191,0.08702736347913742,0.14394067227840424,0.0,0.0,0.0,0.0
2028,171,2.611983558909613,0.024727383628487587,0.03147654980421066,0.03885195776820183,0.05004443973302841,0.03753019869327545,0.05862689018249512,0.08801056444644928,0.14469914138317108,0.0,0.0,0.0,0.0
2028,172,2.6073160551176704,0.02386447601020336,0.030532758682966232,0.03801753371953964,0.04936496913433075,0.03649081289768219,0.05713804066181183,0.08694308996200562,0.14447440207004547,0.0,0.0,0.0,0.0
2028,173,2.6025044741096446,0.024471687152981758,0.031025797128677368,0.03863269090652466,0.04954819008708,0.03727737441658974,0.057727962732315063,0.08801056444644928,0.1432945728302002,0.0,0.0,0.0,0.0
2028,174,2.599688218511872,0.024675942957401276,0.0315035805106163,0.038766276091337204,0.04987824335694313,0.03769874572753906,0.058935895562171936,0.08787010610103607,0.14416539669036865,0.0,0.0,0.0,0.0
2028,175,2.596768838030446,0.02467191219329834,0.03114244155585766,0.03905380889773369,0.04986356571316719,0.037080734968185425,0.05719422549009323,0.08862857520580292,0.143350750207901,0.0,0.0,0.0,0.0
2028,176,2.5922786629634347,0.0248901154845953,0.03152104839682579,0.03898320719599724,0.05009975656867027,0.03803584352135658,0.05868307128548622,0.0883757546544075,0.14472723007202148,0.0,0.0,0.0,0.0
2028,177,2.588261780951187,0.024567125365138054,0.0316658578813076,0.03890557587146759,0.049884133040905,0.03713691607117653,0.05918871983885765,0.08798246830701828,0.1434912085533142,0.0,0.0,0.0,0.0
2028,178,2.5846828590681357,0.024695245549082756,0.03163309022784233,0.03890051320195198,0.049828335642814636,0.03789538890123367,0.05944154039025307,0.0884319320321083,0.14374403655529022,0.0,0.0,0.0,0.0
2028,179,2.5806984753422086,0.024863217025995255,0.0315931998193264,0.038978323340415955,0.05030118674039841,0.03767065703868866,0.058570705354213715,0.08795437961816788,0.1452609747648239,0.0,0.0,0.0,0.0
2028,180,2.578028923425919,0.02463637851178646,0.03163723647594452,0.03922603651881218,0.05024968460202217,0.037249282002449036,0.05899207666516304,0.08916231244802475,0.1450643241405487,0.0,0.0,0.0,0.0
2028,181,2.574452364814748,0.024701396003365517,0.031564291566610336,0.039004914462566376,0.050047457218170166,0.037586379796266556,0.05899207666516304,0.08857239037752151,0.14453059434890747,0.0,0.0,0.0,0.0
2028,182,2.5719449845081077,0.02502020075917244,0.03189362958073616,0.039352454245090485,0.05061113089323044,0.03803584352135658,0.05944154039025307,0.08907803893089294,0.14618799090385437,0.0,0.0,0.0,0.0
2028,183,2.5687497501913836,0.02477078139781952,0.03163886442780495,0.03904978185892105,0.05036273971199989,0.03789538890123367,0.059216808527708054,0.08865666389465332,0.14593516290187836,0.0,0.0,0.0,0.0
2028,184,2.5654961898741933,0.024955539032816887,0.031954385340213776,0.039265189319849014,0.05048079788684845,0.03789538890123367,0.059610091149806976,0.08876903355121613,0.14551378786563873,0.0,0.0,0.0,0.0
2028,185,2.563101301630821,0.02460401877760887,0.03146945312619209,0.038985852152109146,0.050641030073165894,0.03733355924487114,0.05862689018249512,0.0884038433432579,0.14742401242256165,0.0,0.0,0.0,0.0
2028,186,2.5604483975089996,0.02515925094485283,0.032076165080070496,0.03936795890331268,0.050634633749723434,0.03795157000422478,0.05946963280439377,0.0884038433432579,0.14528906345367432,0.0,0.0,0.0,0.0
2028,187,2.5574167434342314,0.025186927989125252,0.032065361738204956,0.039572786539793015,0.05062827095389366,0.037923477590084076,0.05932917445898056,0.08919040113687515,0.14531715214252472,0.0,0.0,0.0,0.0
2028,188,2.5556943332939817,0.024551045149564743,0.031979095190763474,0.03916013613343239,0.05057767033576965,0.03688409551978111,0.0599752813577652,0.08857239037752151,0.1464969962835312,0.0,0.0,0.0,0.0
2028,189,2.554231451912287,0.025302033871412277,0.032188285142183304,0.03979380056262016,0.05099896714091301,0.03845721855759621,0.05980673059821129,0.0900050550699234,0.14697454869747162,0.0,0.0,0.0,0.0
2028,190,2.5512251548278027,0.02513834834098816,0.03166964650154114,0.0392080694437027,0.050599221140146255,0.03814820945262909,0.05845833942294121,0.0884600281715393,0.14607562124729156,0.0,0.0,0.0,0.0
2028,191,2.5501009346502514,0.024667425081133842,0.031799450516700745,0.03940536081790924,0.05059237405657768,0.037249282002449036,0.05946963280439377,0.08975223451852798,0.1465250849723816,0.0,0.0,0.0,0.0
2028,192,2.549230526655148,0.025082970038056374,0.03187111020088196,0.039561353623867035,0.0508604496717453,0.03764256462454796,0.05876734480261803,0.08933085948228836,0.1466936320066452,0.0,0.0,0.0,0.0
2028,193,2.5474139408544008,0.02502887323498726,0.03178178146481514,0.03946424648165703,0.050785768777132034,0.03795157000422478,0.05887971073389053,0.08941513299942017,0.1469183713197708,0.0,0.0,0.0,0.0
2028,194,2.546317270088453,0.024789143353700638,0.031567834317684174,0.039371706545352936,0.050449829548597336,0.037783022969961166,0.05885162204504013,0.08986459672451019,0.14613179862499237,0.0,0.0,0.0,0.0
2028,195,2.5453359842622167,0.025132115930318832,0.032163407653570175,0.03958950936794281,0.05078614875674248,0.03795157000422478,0.059750549495220184,0.08924658596515656,0.14590707421302795,0.0,0.0,0.0,0.0
2028,196,2.544860883280333,0.024978594854474068,0.03164591267704964,0.03961668908596039,0.050925079733133316,0.03781111165881157,0.05848643183708191,0.09020169824361801,0.14770492911338806,0.0,0.0,0.0,0.0
2028,197,2.5446892717750127,0.02521716058254242,0.03202728182077408,0.0397007018327713,0.050758443772792816,0.038260575383901596,0.05944154039025307,0.089976966381073,0.14607562124729156,0.0,0.0,0.0,0.0
2028,198,2.5432685438277107,0.0250079408288002,0.031942907720804214,0.039448149502277374,0.05074723809957504,0.038120120763778687,0.059553906321525574,0.08938704431056976,0.1467779129743576,0.0,0.0,0.0,0.0
2028,199,2.5431024700041243,0.025049040094017982,0.031948987394571304,0.03965436667203903,0.05080967769026756,0.03781111165881157,0.05916062742471695,0.08975223451852798,0.14630036056041718,0.0,0.0,0.0,0.0
2028,200,2.5436813709063406,0.024851789698004723,0.03177488222718239,0.03936318680644035,0.05069103091955185,0.03767065703868866,0.05910444259643555,0.08921849727630615,0.1465812623500824,0.0,0.0,0.0,0.0
